CREATE TABLE  "ROLE"  (	"ROLEID" NUMBER(*,0) NOT NULL ENABLE, "ROLE" VARCHAR2(15),  CONSTRAINT "PK_ROLE" PRIMARY KEY ("ROLEID") ENABLE  );
CREATE TABLE  "USERS" (	"USERID" NUMBER(*,0) NOT NULL ENABLE, "FIRSTNAME" VARCHAR2(25 CHAR) NOT NULL ENABLE,"LASTNAME" VARCHAR2(25 CHAR) NOT NULL ENABLE, "PASSWORD" VARCHAR2(60 CHAR) NOT NULL ENABLE, "EMAIL" VARCHAR2(100) NOT NULL ENABLE, "COMPANY" VARCHAR2(100) NOT NULL ENABLE, "SECRET" VARCHAR2(50 CHAR) NOT NULL ENABLE, "ANSWER" VARCHAR2(20 CHAR) NOT NULL ENABLE, "PHONE" VARCHAR2(25 CHAR), "MOBILE" VARCHAR2(25 CHAR) NOT NULL ENABLE, "ROLEID" NUMBER(*,0) NOT NULL ENABLE, "TEAM" VARCHAR2(25), "MOBILEOPERATOR" VARCHAR2(50) NOT NULL ENABLE, "VALUE" NUMBER, CONSTRAINT "PK_USERID" PRIMARY KEY ("USERID") ENABLE, CONSTRAINT "UK_EMAIL" UNIQUE ("EMAIL") ENABLE, CONSTRAINT "FK_ROLE" FOREIGN KEY ("ROLEID") REFERENCES  "ROLE" ("ROLEID") ON DELETE CASCADE ENABLE);
CREATE TABLE  "ISSUE" (	"ISSUEID" VARCHAR2(15 CHAR), "PID" VARCHAR2(30) NOT NULL ENABLE,"FOUND_VERSION" VARCHAR2(15 CHAR), "TYPE" VARCHAR2(20 CHAR), "MODULE_ID" VARCHAR2(30) NOT NULL ENABLE, "SEVERITY" VARCHAR2(15 CHAR), "PRIORITY" VARCHAR2(15 CHAR), "SUBJECT" VARCHAR2(200), "DESCRIPTION" VARCHAR2(4000), "CREATEDBY" VARCHAR2(40 CHAR), "MODIFIEDON" DATE, "ASSIGNEDTO" VARCHAR2(40 CHAR), "COMMENT1" VARCHAR2(2000), "CREATEDON" DATE, "ROOTCAUSE" VARCHAR2(200), "EXPECTED_RESULT" VARCHAR2(2000), "DUE_DATE" DATE, "RATING" VARCHAR2(25), "FEEDBACK" VARCHAR2(210), CONSTRAINT "PK_ISSUEID" PRIMARY KEY ("ISSUEID") ENABLE);
CREATE TABLE  "ISSUESTATUS" ("STATUSID" NUMBER(*,0) NOT NULL ENABLE,"ISSUEID" VARCHAR2(15) NOT NULL ENABLE,"STATUS" VARCHAR2(50) NOT NULL ENABLE, "OWNER" VARCHAR2(30) NOT NULL ENABLE, CONSTRAINT "PK_STATUSID" PRIMARY KEY ("STATUSID") ENABLE );
CREATE TABLE  "ISSUECOMMENTS" (	"ISSUEID" VARCHAR2(15), "COMMENTEDBY" VARCHAR2(40), "COMMENT_DATE" DATE, "COMMENTS" VARCHAR2(2000) NOT NULL ENABLE, "STATUS" VARCHAR2(50), "COMMENTEDTO" VARCHAR2(40), "DUEDATE" DATE, "PRIORITY" VARCHAR2(60), "SEVERITY" VARCHAR2(60), CONSTRAINT "ISSUECOMMENTS_FK" FOREIGN KEY ("ISSUEID") REFERENCES  "ISSUE" ("ISSUEID") ON DELETE CASCADE ENABLE);
CREATE TABLE  "FILEATTACH" ("FILEID" NUMBER(*,0) NOT NULL ENABLE, "ISSUEID" VARCHAR2(15 CHAR), "FILENAME" VARCHAR2(100 CHAR), "ATTACHEDDATE" DATE, "OWNER" NUMBER, CONSTRAINT "PK_FILEID" PRIMARY KEY ("FILEID") ENABLE, CONSTRAINT "FK_ISSUEID" FOREIGN KEY ("ISSUEID") REFERENCES  "ISSUE" ("ISSUEID") ON DELETE CASCADE ENABLE);
CREATE TABLE  "MYQUERY" ("QUERY_ID" NUMBER NOT NULL ENABLE, "NAME" VARCHAR2(50), "DESCRIPTION" VARCHAR2(50), "QUERY_STRING" VARCHAR2(4000), "CREATEDON" DATE, "EMAIL" VARCHAR2(100), CONSTRAINT "MYQUERY_PK" PRIMARY KEY ("QUERY_ID") ENABLE, CONSTRAINT "MYQUERY_FK" FOREIGN KEY ("EMAIL")  REFERENCES  "USERS" ("EMAIL") ON DELETE CASCADE ENABLE);
CREATE TABLE  "PROJECT" ("PID" NUMBER(*,0) NOT NULL ENABLE, "PNAME" VARCHAR2(20 CHAR), "PMANAGER" VARCHAR2(30 CHAR),"PLATFORM" VARCHAR2(50 CHAR),"VERSION" VARCHAR2(15 CHAR), "CUSTOMER" VARCHAR2(100),"CATEGORY" VARCHAR2(25), "STARTDATE" DATE, "ENDDATE" DATE, "STATUS" VARCHAR2(30), "TOTALHOURS" VARCHAR2(10), "PHASE" VARCHAR2(50), CONSTRAINT "PK_PID" PRIMARY KEY ("PID") ENABLE);
CREATE TABLE  "MODULES" ("MODULEID" NUMBER(*,0) NOT NULL ENABLE, "MODULE" VARCHAR2(30), "PID" NUMBER(*,0) NOT NULL ENABLE, CONSTRAINT "PK_MODULEID" PRIMARY KEY ("MODULEID") ENABLE, CONSTRAINT "FK_PID" FOREIGN KEY ("PID")  REFERENCES  "PROJECT" ("PID") ON DELETE CASCADE ENABLE);
CREATE TABLE  "USERPROJECT" ("PID" NUMBER(38,0), "USERID" NUMBER(38,0), CONSTRAINT "FK_PNAMEID" FOREIGN KEY ("PID") REFERENCES  "PROJECT" ("PID") ON DELETE CASCADE ENABLE);
CREATE TABLE  "ACCOUNT" ("ACCOUNTID" NUMBER(*,0) NOT NULL ENABLE, "ACCOUNT_OWNER" VARCHAR2(30), "ACCOUNTNAME" VARCHAR2(30) NOT NULL ENABLE, "PARENTACCOUNT" VARCHAR2(30), "PHONE" VARCHAR2(15), "FAX" VARCHAR2(15), "WEBSITE" VARCHAR2(30), "TYPE" VARCHAR2(30), "INDUSTRY" VARCHAR2(40), "EMPLOYEES" VARCHAR2(20), "ANNUALREVENUE" VARCHAR2(25),"DESCRIPTION" VARCHAR2(100), "BILLINGSTREET" VARCHAR2(100), "BILLINGCITY" VARCHAR2(30), "BILLINGSTATE" VARCHAR2(30), "BILLINGZIP" VARCHAR2(30), "BILLINGCOUNTRY" VARCHAR2(30), "SHIPPINGSTREET" VARCHAR2(100), "SHIPPINGCITY" VARCHAR2(30), "SHIPPINGSTATE" VARCHAR2(30), "SHIPPINGZIP" VARCHAR2(30), "SHIPPINGCOUNTRY" VARCHAR2(30), "CREATEDON" DATE,"ROLEID" NUMBER, "ASSIGNEDTO" NUMBER, "OPPORTUNITY_REFERENCE" NUMBER, "MODIFIEDON" DATE, "ACCOUNT_AMOUNT" NUMBER, "DUEDATE" DATE, CONSTRAINT "PK_ACCOUNTID" PRIMARY KEY ("ACCOUNTID") ENABLE, CONSTRAINT "UK_ACCOUNTNAME" UNIQUE ("ACCOUNTNAME") ENABLE);
CREATE TABLE  "ACCOUNT_COMMENTS" ("ACCOUNTID" NUMBER NOT NULL ENABLE, "COMMENTEDBY" VARCHAR2(40) NOT NULL ENABLE, "COMMENT_DATE" DATE NOT NULL ENABLE, "COMMENTS" VARCHAR2(4000) NOT NULL ENABLE, "COMMENTEDTO" NUMBER, "DUEDATE" DATE, CONSTRAINT "ACCOUNTCOMMENTS_FK" FOREIGN KEY ("ACCOUNTID") REFERENCES  "ACCOUNT" ("ACCOUNTID") ON DELETE CASCADE ENABLE);
CREATE TABLE  "CONTACT" ("CONTACTID" NUMBER(*,0) NOT NULL ENABLE, "CONTACT_OWNER" VARCHAR2(30), "FIRSTNAME" VARCHAR2(30), "LASTNAME" VARCHAR2(30) NOT NULL ENABLE, "ACCOUNTNAME" VARCHAR2(100), "TITLE" VARCHAR2(30), "PHONE" VARCHAR2(15), "MOBILE" VARCHAR2(15), "EMAIL" VARCHAR2(100) NOT NULL ENABLE, "REPORTSTO" VARCHAR2(30), "MAILINGSTREET" VARCHAR2(100), "MAILINGCITY" VARCHAR2(30), "MAILINGSTATE" VARCHAR2(30), "MAILINGZIP" VARCHAR2(30), "MAILINGCOUNTRY" VARCHAR2(30), "OTHERSTREET" VARCHAR2(100), "OTHERCITY" VARCHAR2(30), "OTHERSTATE" VARCHAR2(30), "OTHERZIP" VARCHAR2(30), "OTHERCOUNTRY" VARCHAR2(30), "FAX" VARCHAR2(30), "HOMEPHONE" VARCHAR2(30), "OTHERPHONE" VARCHAR2(30),"ASSISTANT" VARCHAR2(30), "ASSTPHONE" VARCHAR2(30), "LEADSOURCE" VARCHAR2(30),"BIRTHDATE" VARCHAR2(30), "DEPARTMENT" VARCHAR2(30), "DESCRIPTION" VARCHAR2(1000), "ROLEID" NUMBER(5,0),"ASSIGNEDTO" NUMBER, "CREATEDON" DATE, "MODIFIEDON" DATE, "DUEDATE" DATE, "COMPANY" VARCHAR2(75),"RATING" VARCHAR2(30), "INTERESTED" VARCHAR2(50), CONSTRAINT "PK_CONTACTID" PRIMARY KEY ("CONTACTID") ENABLE, CONSTRAINT "UK_CONTACT_EMAIL" UNIQUE ("EMAIL") ENABLE);
CREATE TABLE  "CONTACT_COMMENTS" ("CONTACTID" NUMBER NOT NULL ENABLE, "COMMENTEDBY" VARCHAR2(40) NOT NULL ENABLE, "COMMENT_DATE" DATE NOT NULL ENABLE, "COMMENTS" VARCHAR2(4000) NOT NULL ENABLE, "RATING" VARCHAR2(30),"COMMENTEDTO" NUMBER, "DUEDATE" DATE, CONSTRAINT "CONTACTCOMMENTS_FK" FOREIGN KEY ("CONTACTID") REFERENCES  "CONTACT" ("CONTACTID") ON DELETE CASCADE ENABLE);
CREATE TABLE  "LEAD" ("LEADID" NUMBER(*,0) NOT NULL ENABLE, "LEAD_OWNER" VARCHAR2(30), "FIRSTNAME" VARCHAR2(30), "LASTNAME" VARCHAR2(30) NOT NULL ENABLE, "COMPANY" VARCHAR2(75) NOT NULL ENABLE, "TITLE" VARCHAR2(30), "LEADSTATUS" VARCHAR2(30) NOT NULL ENABLE, "PHONE" VARCHAR2(15), "EMAIL" VARCHAR2(100), "RATING" VARCHAR2(30), "STREET" VARCHAR2(100), "CITY" VARCHAR2(30), "STATE" VARCHAR2(30), "ZIP" VARCHAR2(30), "COUNTRY" VARCHAR2(30), "WEBSITE" VARCHAR2(30), "NOOFEMPLOYEES" VARCHAR2(20), "ANNUALREVENUE" VARCHAR2(50), "LEADSOURCE" VARCHAR2(30), "INDUSTRY" VARCHAR2(40), "DESCRIPTION" VARCHAR2(4000), "ROLEID" NUMBER(35,0), "MOBILE" NUMBER(15,0), "LEADPOTENTIAL" NUMBER(10,0), "CREATEDON" DATE, "MODIFIEDON" DATE, "DUEDATE" DATE, "ASSIGNEDTO" NUMBER, "INTERESTED" VARCHAR2(50), "CONTACT_REFERENCE" NUMBER,  CONSTRAINT "PK_LEADID" PRIMARY KEY ("LEADID") ENABLE  );
CREATE TABLE  "LEAD_COMMENTS"("LEADID" NUMBER NOT NULL ENABLE,"LEAD_STATUS" VARCHAR2(30) NOT NULL ENABLE,"COMMENTEDBY" VARCHAR2(40) NOT NULL ENABLE,"COMMENT_DATE" DATE NOT NULL ENABLE,"COMMENTS" VARCHAR2(4000) NOT NULL ENABLE,"COMMENTEDTO" NUMBER,"DUEDATE" DATE,CONSTRAINT "LEADCOMMENTS_FK" FOREIGN KEY ("LEADID") REFERENCES  "LEAD" ("LEADID") ON DELETE CASCADE ENABLE);
CREATE TABLE  "OPPORTUNITY" ("OPPORTUNITYID" NUMBER(*,0) NOT NULL ENABLE, "OPPORTUNITY_OWNER" VARCHAR2(30), "OPPORTUNITYNAME" VARCHAR2(100) NOT NULL ENABLE, "ACCOUNTNAME" VARCHAR2(100), "TYPE" VARCHAR2(30), "CLOSEDATE" VARCHAR2(30), "STAGE" VARCHAR2(30) NOT NULL ENABLE, "PROBABILITY" VARCHAR2(10), "AMOUNT" VARCHAR2(20), "LEADSOURCE" VARCHAR2(30), "NEXTSTEP" VARCHAR2(30), "DESCRIPTION" VARCHAR2(100), "CREATEDON" DATE,"ROLEID" NUMBER, "ASSIGNEDTO" NUMBER, "LEAD_REFERENCE" NUMBER, "MODIFIEDON" DATE, "CLOSE_DATE" DATE, "WEBSITE" VARCHAR2(75), "PHONE" VARCHAR2(75), CONSTRAINT "PK_OPPORTUNITYID" PRIMARY KEY ("OPPORTUNITYID") ENABLE, CONSTRAINT "FK_ACCOUNTSNAME" FOREIGN KEY ("ACCOUNTNAME") REFERENCES  "ACCOUNT" ("ACCOUNTNAME") ON DELETE CASCADE ENABLE);
CREATE TABLE  "OPPORTUNITY_COMMENTS" ("OPPORTUNITYID" NUMBER NOT NULL ENABLE, "COMMENTEDBY" VARCHAR2(40) NOT NULL ENABLE, "COMMENT_DATE" DATE NOT NULL ENABLE, "STAGE" VARCHAR2(50) NOT NULL ENABLE, "COMMENTS" VARCHAR2(4000) NOT NULL ENABLE, "COMMENTEDTO" NUMBER, "DUEDATE" DATE, CONSTRAINT "OPPORTUNITYCOMMENTS_FK" FOREIGN KEY ("OPPORTUNITYID") REFERENCES  "OPPORTUNITY" ("OPPORTUNITYID") ON DELETE CASCADE ENABLE);
CREATE TABLE  "PROJECT_TYPE" ("PID" NUMBER(38,0) NOT NULL ENABLE, "TYPE" VARCHAR2(20), CONSTRAINT "FK_PRID" FOREIGN KEY ("PID") REFERENCES  "PROJECT" ("PID") ON DELETE CASCADE ENABLE );
CREATE TABLE  "PROJECT_IMPLEMENTATION" ("PHASE" VARCHAR2(40), "SUBPHASE" VARCHAR2(60), "SUBSUBPHASE" VARCHAR2(90), "SUBSUBSUBPHASE" VARCHAR2(40), "PHASEINDEX" NUMBER(2,0), "SUBPHASEINDEX" NUMBER(2,0), "SUBSUBPHASEINDEX" NUMBER(2,0), "SUBSUBSUBPHASEINDEX" NUMBER(2,0));
CREATE TABLE  "PROJECT_SUPPORT" ("PHASE" VARCHAR2(40), "SUBPHASE" VARCHAR2(70), "SUBSUBPHASE" VARCHAR2(40), "SUBSUBSUBPHASE" VARCHAR2(40), "PHASEINDEX" NUMBER(2,0), "SUBPHASEINDEX" NUMBER(2,0));
CREATE TABLE  "PROJECT_UPGRADATION" ("PHASE" VARCHAR2(40), "SUBPHASE" VARCHAR2(60), "SUBSUBPHASE" VARCHAR2(40), "SUBSUBSUBPHASE" VARCHAR2(40), "PHASEINDEX" NUMBER(2,0), "SUBPHASEINDEX" NUMBER(2,0));
CREATE TABLE  "ISSUE_IMPLEMENTATION" ("ISSUEID" VARCHAR2(15) NOT NULL ENABLE, "PROJECTTYPE" VARCHAR2(15), "PHASE" VARCHAR2(40), "SUBPHASE" VARCHAR2(60), "SUBSUBPHASE" VARCHAR2(90), "SUBSUBSUBPHASE" VARCHAR2(40), CONSTRAINT "FK_IMPL_ISSUEID" FOREIGN KEY ("ISSUEID") REFERENCES  "ISSUE" ("ISSUEID") ON DELETE CASCADE ENABLE);
CREATE TABLE  "ISSUE_SUPPORT" (	"ISSUEID" VARCHAR2(15) NOT NULL ENABLE, "PROJECTTYPE" VARCHAR2(15), "PHASE" VARCHAR2(40), "SUBPHASE" VARCHAR2(70), "SUBSUBPHASE" VARCHAR2(40), "SUBSUBSUBPHASE" VARCHAR2(40), CONSTRAINT "FK_SUP_ISSUEID" FOREIGN KEY ("ISSUEID") REFERENCES  "ISSUE" ("ISSUEID") ON DELETE CASCADE ENABLE);
CREATE TABLE  "ISSUE_UPGRADATION" ("ISSUEID" VARCHAR2(15) NOT NULL ENABLE, "PROJECTTYPE" VARCHAR2(15), "PHASE" VARCHAR2(40), "SUBPHASE" VARCHAR2(60), "SUBSUBPHASE" VARCHAR2(40), "SUBSUBSUBPHASE" VARCHAR2(40), CONSTRAINT "FK_UPG_ISSUEID" FOREIGN KEY ("ISSUEID")  REFERENCES  "ISSUE" ("ISSUEID") ON DELETE CASCADE ENABLE);
CREATE TABLE  "RESOURCES" ("IPADDRESS" VARCHAR2(50), "MACHINENAME" VARCHAR2(50), "ASSIGNEDUSER" VARCHAR2(75), "CPUDETAILS" VARCHAR2(50), "RAMDETAILS" VARCHAR2(50), "HARDDISK" VARCHAR2(50), "MOTHERBOARD" VARCHAR2(50), "OS" VARCHAR2(50), "UNIQUE_ASSET_NO" VARCHAR2(50), "VALUE" VARCHAR2(50));
CREATE TABLE  "RESOURCEREQUEST" ("REQUESTID" VARCHAR2(15) NOT NULL ENABLE, "PROJECT" NUMBER, "TEAM" VARCHAR2(50), "POSITION" VARCHAR2(50), "SKILLSET" VARCHAR2(100), "RESPONSIBILITY_P1" VARCHAR2(300), "RESPONSIBILITY_P2" VARCHAR2(300), "RESPONSIBILITY_P3" VARCHAR2(300), "RESPONSIBILITY_P4" VARCHAR2(300), "RESPONSIBILITY_P5" VARCHAR2(300), "RESPONSIBILITY_S1" VARCHAR2(300), "RESPONSIBILITY_S2" VARCHAR2(300), "RESPONSIBILITY_S3" VARCHAR2(300), "RESPONSIBILITY_S4" VARCHAR2(300), "RESPONSIBILITY_S5" VARCHAR2(300), "CREATEDON" DATE, "MODIFIEDON" DATE, "ASSIGNEDTO" NUMBER,"CREATEDBY" NUMBER, "DUEDATE" DATE, "EXP_YEARS" NUMBER, "EXP_MONTHS" NUMBER, "STATUS" VARCHAR2(50), "ROLEID" NUMBER, "PID" NUMBER NOT NULL ENABLE, "MODULEID" NUMBER NOT NULL ENABLE, CONSTRAINT "RESOURCEREQUEST_FK1" FOREIGN KEY ("CREATEDBY") REFERENCES  "USERS" ("USERID") ON DELETE CASCADE ENABLE,  CONSTRAINT "RESOURCEREQUEST_FK2" FOREIGN KEY ("ASSIGNEDTO")  REFERENCES  "USERS" ("USERID") ON DELETE CASCADE ENABLE,  CONSTRAINT "RESOURCEREQUEST_FK3" FOREIGN KEY ("PROJECT")  REFERENCES  "PROJECT" ("PID") ON DELETE CASCADE ENABLE,  CONSTRAINT "RESOURCEREQUEST_PID_FK" FOREIGN KEY ("PID")  REFERENCES  "PROJECT" ("PID") ON DELETE CASCADE ENABLE,  CONSTRAINT "RESOURCEREQUEST_MID_FK" FOREIGN KEY ("MODULEID")  REFERENCES  "MODULES" ("MODULEID") ON DELETE CASCADE ENABLE );
CREATE TABLE  "RR_COMMENTS" ("RESOURCEID" VARCHAR2(15), "COMMENTEDBY" NUMBER,"COMMENT_DATE" DATE, "COMMENTS" VARCHAR2(4000), "STATUS" VARCHAR2(50),"COMMENTEDTO" NUMBER, "DUEDATE" DATE);
CREATE TABLE  "STATUS_MASTER" (	"STATUS_ID" NUMBER NOT NULL ENABLE, "STATUS" VARCHAR2(50) NOT NULL ENABLE, CONSTRAINT "STATUS_MASTER_UK1" UNIQUE ("STATUS_ID") ENABLE, CONSTRAINT "STATUS_MASTER_UK2" UNIQUE ("STATUS") ENABLE);
CREATE TABLE  "STATUS_SUB" ("STATUS_ID" NUMBER NOT NULL ENABLE, "STATUS" NUMBER NOT NULL ENABLE, CONSTRAINT "STATUS_SUB_FK" FOREIGN KEY ("STATUS_ID") REFERENCES  "STATUS_MASTER" ("STATUS_ID") ON DELETE CASCADE ENABLE, CONSTRAINT "STATUS_SUB_FK2" FOREIGN KEY ("STATUS") REFERENCES  "STATUS_MASTER" ("STATUS_ID") ON DELETE CASCADE ENABLE);
CREATE TABLE  "SAP_IMPLEM_STATUS_MASTER" ("STATUS_ID" NUMBER NOT NULL ENABLE, "STATUS" VARCHAR2(50) NOT NULL ENABLE, CONSTRAINT "SAP_IMPLEM_STATUS_MASTER_UK1" UNIQUE ("STATUS_ID") ENABLE, CONSTRAINT "SAP_IMPLEM_STATUS_MASTER_UK2" UNIQUE ("STATUS") ENABLE);
CREATE TABLE  "SAP_IMPLEM_STATUS_SUB" (	"STATUS_ID" NUMBER NOT NULL ENABLE, "STATUS" NUMBER NOT NULL ENABLE,  CONSTRAINT "SAP_IMPLEM_STATUS_SUB_FK" FOREIGN KEY ("STATUS_ID") REFERENCES  "SAP_IMPLEM_STATUS_MASTER" ("STATUS_ID") ON DELETE CASCADE ENABLE, CONSTRAINT "SAP_IMPLEM_STATUS_SUB_FK2" FOREIGN KEY ("STATUS") REFERENCES  "SAP_IMPLEM_STATUS_MASTER" ("STATUS_ID") ON DELETE CASCADE ENABLE);
CREATE TABLE  "SAP_NONSAP_STATUS_LIST" ("STATUS_ID" NUMBER NOT NULL ENABLE, "STATUS" VARCHAR2(50) NOT NULL ENABLE, CONSTRAINT "SAP_NONSAP_STATUS_LIST_UK1" UNIQUE ("STATUS_ID") ENABLE, CONSTRAINT "SAP_NONSAP_STATUS_LIST_UK2" UNIQUE ("STATUS") ENABLE);
CREATE TABLE  "SAP_SUPPORT_STATUS_MASTER" ("STATUS_ID" NUMBER NOT NULL ENABLE, "STATUS" VARCHAR2(50) NOT NULL ENABLE, CONSTRAINT "SAP_SUPPORT_STATUS_MASTER_UK1" UNIQUE ("STATUS_ID") ENABLE, CONSTRAINT "SAP_SUPPORT_STATUS_MASTER_UK2" UNIQUE ("STATUS") ENABLE);
CREATE TABLE  "SAP_SUPPORT_STATUS_SUB" ("STATUS_ID" NUMBER NOT NULL ENABLE, "STATUS" NUMBER NOT NULL ENABLE, CONSTRAINT "SAP_SUPPORT_STATUS_SUB_FK" FOREIGN KEY ("STATUS_ID") REFERENCES  "SAP_SUPPORT_STATUS_MASTER" ("STATUS_ID") ON DELETE CASCADE ENABLE, CONSTRAINT "SAP_SUPPORT_STATUS_SUB_FK2" FOREIGN KEY ("STATUS") REFERENCES  "SAP_SUPPORT_STATUS_MASTER" ("STATUS_ID") ON DELETE CASCADE ENABLE);
CREATE TABLE  "SAP_UPGRADE_STATUS_MASTER" ("STATUS_ID" NUMBER NOT NULL ENABLE, "STATUS" VARCHAR2(50) NOT NULL ENABLE, CONSTRAINT "SAP_UPGRADE_STATUS_MASTER_UK1" UNIQUE ("STATUS_ID") ENABLE, CONSTRAINT "SAP_UPGRADE_STATUS_MASTER_UK2" UNIQUE ("STATUS") ENABLE);
CREATE TABLE  "SAP_UPGRADE_STATUS_SUB" ("STATUS_ID" NUMBER NOT NULL ENABLE, "STATUS" NUMBER NOT NULL ENABLE, CONSTRAINT "SAP_UPGRADE_STATUS_SUB_FK" FOREIGN KEY ("STATUS_ID") REFERENCES  "SAP_UPGRADE_STATUS_MASTER" ("STATUS_ID") ON DELETE CASCADE ENABLE, CONSTRAINT "SAP_UPGRADE_STATUS_SUB_FK2" FOREIGN KEY ("STATUS") REFERENCES  "SAP_UPGRADE_STATUS_MASTER" ("STATUS_ID") ON DELETE CASCADE ENABLE);
create table VALUE_NONSAP_BUG(status_id number,p1s1 number,p1s2 number,p1s3 number,p1s4 number,p2s1 number,p2s2 number,p2s3 number,p2s4 number,p3s1 number,p3s2 number,p3s3 number,p3s4 number,p4s1 number,p4s2 number,p4s3 number,p4s4 number,FOREIGN KEY(STATUS_ID) REFERENCES STATUS_MASTER(STATUS_ID));
create table VALUE_NONSAP_ENHANCEMENT(status_id number,p1s1 number,p1s2 number,p1s3 number,p1s4 number,p2s1 number,p2s2 number,p2s3 number,p2s4 number,p3s1 number,p3s2 number,p3s3 number,p3s4 number,p4s1 number,p4s2 number,p4s3 number,p4s4 number,FOREIGN KEY(STATUS_ID) REFERENCES STATUS_MASTER(STATUS_ID));
create table VALUE_NONSAP_NEWTASK(status_id number,p1s1 number,p1s2 number,p1s3 number,p1s4 number,p2s1 number,p2s2 number,p2s3 number,p2s4 number,p3s1 number,p3s2 number,p3s3 number,p3s4 number,p4s1 number,p4s2 number,p4s3 number,p4s4 number,FOREIGN KEY(STATUS_ID) REFERENCES STATUS_MASTER(STATUS_ID));
CREATE TABLE LEAVE(LEAVEID NUMBER NOT NULL,FROMDATE DATE NOT NULL,TODATE DATE NOT NULL,TYPE VARCHAR2(50),DESCRIPTION VARCHAR2(2500),CREATEDON DATE,MODIFIEDON DATE,REQUESTEDBY NUMBER,ASSIGNEDTO NUMBER,APPROVAL NUMBER,COMMENTS VARCHAR2(2500),CONSTRAINT "PK_LEAVEID" PRIMARY KEY("LEAVEID") ENABLE,CONSTRAINT "FK_REQUESTEDBY" FOREIGN KEY("REQUESTEDBY") REFERENCES USERS("USERID") ON DELETE CASCADE ENABLE,CONSTRAINT "FK_ASSIGNEDTO" FOREIGN KEY("ASSIGNEDTO") REFERENCES USERS("USERID") ON DELETE CASCADE ENABLE);

insert into role(roleid,role) values(1,'etracker-admin');
insert into role(roleid,role) values(2,'etracker-user');
insert into role(roleid,role) values(0,'Unconfirmed');
insert into role(roleid,role) values(-1,'Denied');
insert into role(roleid,role) values(-2,'Disabled-User');

insert into project_support(phase,subphase, phaseindex,subphaseindex) values('Project Preparation', 'Existing system study questionnaire',1,1);
insert into project_support(phase,subphase, phaseindex,subphaseindex) values('Project Preparation', 'Actual situation analysis',1,2);
insert into project_support(phase,subphase, phaseindex,subphaseindex) values('Project Preparation', 'Define the objectives',1,3);
insert into project_support(phase,subphase, phaseindex,subphaseindex) values('Project Preparation', 'Create the project plan',1,4);
insert into project_support(phase,subphase, phaseindex,subphaseindex) values('Project Preparation', 'identify the project team',1,5);
insert into project_support(phase,subphase, phaseindex,subphaseindex) values('Project Preparation', 'Execution plan with the level of support defined across team members',1,6);
insert into project_support(phase,subphase, phaseindex,subphaseindex) values('Project Preparation', 'Escalation plan',1,7);
insert into project_support(phase,subphase, phaseindex,subphaseindex) values('Support Blueprint', 'The system and components affected',2,1);
insert into project_support(phase,subphase, phaseindex,subphaseindex) values('Support Blueprint', 'The mapped business processes',2,2);
insert into project_support(phase,subphase, phaseindex,subphaseindex) values('Support Realization', 'Tickets captured in system in place',3,1);
insert into project_support(phase,subphase, phaseindex,subphaseindex) values('Support Realization', 'SLA definition for tickets resolution',3,2);
insert into project_support(phase,subphase, phaseindex,subphaseindex) values('Support Realization', 'Documentation for issues resolution',3,3);
insert into project_support(phase,subphase, phaseindex,subphaseindex) values('Support Realization', 'Knowledge base on solution provided',3,4);
insert into project_support(phase,subphase, phaseindex,subphaseindex) values('Support Realization', 'Support plan with next upgrade',3,5);
insert into project_support(phase,subphase, phaseindex,subphaseindex) values('Final Preparation for Cutover', 'Testing',4,1);
insert into project_support(phase,subphase, phaseindex,subphaseindex) values('Final Preparation for Cutover', 'Training',4,2);
insert into project_support(phase,subphase, phaseindex,subphaseindex) values('Final Preparation for Cutover', 'Minimizing upgrade risks',4,3);
insert into project_support(phase,subphase, phaseindex,subphaseindex) values('Final Preparation for Cutover', 'Detailed next upgrade/support planning',4,4);
insert into project_support(phase, phaseindex) values('Maintenance and educating end users',5);
insert into project_upgradation(phase,subphase, phaseindex,subphaseindex) values('Project Preparation', 'Existing system study questionnaire',1,1);
insert into project_upgradation(phase,subphase, phaseindex,subphaseindex) values('Project Preparation', 'Actual situation analysis',1,2);
insert into project_upgradation(phase,subphase, phaseindex,subphaseindex) values('Project Preparation', 'Define the objectives',1,3);
insert into project_upgradation(phase,subphase, phaseindex,subphaseindex) values('Project Preparation', 'Create the project plan',1,4);
insert into project_upgradation(phase,subphase, phaseindex,subphaseindex) values('Project Preparation', 'identify the project team',1,5);
insert into project_upgradation(phase,subphase, phaseindex,subphaseindex) values('Project Preparation', 'Execution plan',1,6);
insert into project_upgradation(phase,subphase, phaseindex,subphaseindex) values('Upgrade Blueprint', 'The system and components affected',2,1);
insert into project_upgradation(phase,subphase, phaseindex,subphaseindex) values('Upgrade Blueprint', 'The mapped business processes',2,2);
insert into project_upgradation(phase,subphase, phaseindex,subphaseindex) values('Upgrade Blueprint', 'The business data upgrade requirements',2,3);
insert into project_upgradation(phase,subphase, phaseindex,subphaseindex) values('Upgrade Realization', 'Upgrade test environment',3,1);
insert into project_upgradation(phase,subphase, phaseindex,subphaseindex) values('Upgrade Realization', 'pilot system landscape',3,2);
insert into project_upgradation(phase,subphase, phaseindex,subphaseindex) values('Upgrade Realization', 'Functional testing',3,3);
insert into project_upgradation(phase,subphase, phaseindex,subphaseindex) values('Final Preparation for Cutover', 'Testing',4,1);
insert into project_upgradation(phase,subphase, phaseindex,subphaseindex) values('Final Preparation for Cutover', 'Training',4,2);
insert into project_upgradation(phase,subphase, phaseindex,subphaseindex) values('Final Preparation for Cutover', 'Minimizing upgrade risks',4,3);
insert into project_upgradation(phase,subphase, phaseindex,subphaseindex) values('Final Preparation for Cutover', 'Detailed next upgrade planning',4,4);
insert into project_upgradation(phase,subphase, phaseindex,subphaseindex) values('Production Cutover and Support', 'The production solution upgrade',5,1);
insert into project_upgradation(phase,subphase, phaseindex,subphaseindex) values('Production Cutover and Support', 'Startup of the solutions in the new release',5,2);
insert into project_upgradation(phase,subphase, phaseindex,subphaseindex) values('Production Cutover and Support', 'Post processing activities',5,3);
insert into project_upgradation(phase,subphase, phaseindex,subphaseindex) values('Production Cutover and Support', 'Solving typical problems during the initial operation phase',5,4);
insert into project_implementation(phase,subphase, phaseindex,subphaseindex) values('Project Preparation', 'Project Team',1,1);
insert into project_implementation(phase,subphase, phaseindex,subphaseindex) values('Project Preparation', 'Team Member Roles Definition', 1,2);
insert into project_implementation(phase,subphase,subsubphase, phaseindex, subphaseindex, subsubphaseindex) values('Project Preparation','Implementation Scope', 'Enterprise Area Scope Document',1,3,1);
insert into project_implementation(phase,subphase, subsubphase,  phaseindex, subphaseindex, subsubphaseindex)values('Project Preparation','Implementation Scope', 'Project deliverables' , 1,3,2);
insert into project_implementation(phase,subphase, subsubphase,  phaseindex, subphaseindex, subsubphaseindex) values('Project Preparation','Implementation Scope', 'Project work papers and internal project team documentation',1,3,3);
insert into project_implementation (phase,subphase, subsubphase,  phaseindex, subphaseindex, subsubphaseindex) values('Project Preparation','Implementation Scope', 'Business processes to be implemented',1,3,4);
insert into project_implementation (phase,subphase, subsubphase,  phaseindex, subphaseindex, subsubphaseindex) values('Project Preparation','Implementation Scope','R/3 design specifications for enterprise-specific enhancements',1,3,5);
insert into project_implementation (phase,subphase, subsubphase,  phaseindex, subphaseindex, subsubphaseindex) values('Project Preparation','Implementation Scope', 'Documentation on R/3 configuration and Customizing settings',1,3,6);
insert into project_implementation(phase,subphase, subsubphase,  phaseindex, subphaseindex, subsubphaseindex) values('Project Preparation','Implementation Scope', 'End user documentation',1,3,7);
insert into project_implementation(phase,subphase, subsubphase,  phaseindex, subphaseindex, subsubphaseindex) values('Project Preparation','Implementation Scope', 'C de corrections using OSS notes or Hot Packages',1,3,8);
insert into project_implementation(phase,subphase, subsubphase,  phaseindex, subphaseindex, subsubphaseindex) values('Project Preparation','Implementation Scope', 'Service reports and documentation',1,3,9);
insert into project_implementation(phase,subphase, phaseindex,subphaseindex) values('Project Preparation', 'System Landscape',1,4);
insert into project_implementation(phase,subphase, phaseindex,subphaseindex) values('Project Preparation', 'Technical Requirements', 1,5);
insert into project_implementation(phase,subphase, phaseindex,subphaseindex) values('Project Preparation', 'Issues Database', 1,6);
insert into project_implementation(phase,subphase, subsubphase,  phaseindex, subphaseindex, subsubphaseindex) values('Business Blueprint', 'Project Management', 'Conducting Status Meetings for the Project Team', 2,1,1);
insert into project_implementation(phase,subphase, subsubphase,  phaseindex, subphaseindex, subsubphaseindex) values('Business Blueprint', 'Project Management', 'Conducting the Steering Committee Meetings', 2,1,2);
insert into project_implementation(phase,subphase, subsubphase,  phaseindex, subphaseindex, subsubphaseindex) values('Business Blueprint', 'Project Management', 'General Project Management', 2,1,3);
insert into project_implementation(phase,subphase, phaseindex, subphaseindex) values('Business Blueprint', 'Project Team Training', 2,2);
insert into project_implementation(phase,subphase, phaseindex, subphaseindex) values('Business Blueprint', 'Developing the System Environment', 2,3);
insert into project_implementation(phase,subphase, phaseindex, subphaseindex) values('Business Blueprint', 'Defining the Organizational Structure', 2, 4);
insert into project_implementation(phase,subphase, subsubphase, subsubsubphase,  phaseindex, subphaseindex, subsubphaseindex, subsubsubphaseindex) values('Business Blueprint', 'Defining the Business Processes', 'Conducting business process workshops', 'Reporting requirements',2,5,1,1);
insert into project_implementation(phase,subphase, subsubphase, subsubsubphase, phaseindex, subphaseindex, subsubphaseindex, subsubsubphaseindex) values('Business Blueprint' ,'Defining the Business Processes', 'Conducting business process workshops', 'Interface requirements',2,5,1,2);
insert into project_implementation(phase,subphase, subsubphase, subsubsubphase, phaseindex, subphaseindex, subsubphaseindex, subsubsubphaseindex) values('Business Blueprint', 'Defining the Business Processes', 'Conducting business process workshops', 'Conversion requirements',2,5,1,3);
insert into project_implementation(phase,subphase, subsubphase,  subsubsubphase, phaseindex, subphaseindex, subsubphaseindex, subsubsubphaseindex) values('Business Blueprint', 'Defining the Business Processes', 'Conducting business process workshops', 'Enhancement requirements',2,5,1,4);
insert into project_implementation(phase,subphase, subsubphase, subsubsubphase,  phaseindex, subphaseindex, subsubphaseindex, subsubsubphaseindex) values('Business Blueprint', 'Defining the Business Processes', 'Conducting business process workshops', 'Authorization requirements',2,5,1,5);
insert into project_implementation(phase,subphase, subsubphase,  phaseindex, subphaseindex, subsubphaseindex) values('Business Blueprint', 'Defining the Business Processes', 'Completing the Business Blueprint reviewing it and obtaining management signoff', 2,5,2);
insert into project_implementation(phase,subphase, subsubphase,  phaseindex, subphaseindex, subsubphaseindex) values('Business Blueprint', 'Defining the Business Processes', 'Setting up an end user training schedule', 2,5,3);
insert into project_implementation(phase,subphase, subsubphase,  phaseindex, subphaseindex, subsubphaseindex) values('Business Blueprint', 'Question and Answer Database', 'The Baseline Scope document', 2,6,1);
insert into project_implementation(phase,subphase, subsubphase,  phaseindex, subphaseindex, subsubphaseindex) values('Business Blueprint', 'Question and Answer Database', 'Cycle Plan', 2,6,2);
insert into project_implementation(phase,subphase, subsubphase,  phaseindex, subphaseindex, subsubphaseindex) values('Business Blueprint', 'Question and Answer Database', 'Integration Test Plan', 2,6,3);
insert into project_implementation(phase,subphase, phaseindex,subphaseindex) values('Realization','Business Process Master List', 3,1);
insert into project_implementation(phase,subphase, phaseindex,subphaseindex)  values('Realization','Business process procedure' ,3,2);
insert into project_implementation(phase,subphase, subsubphase, phaseindex, subphaseindex, subsubphaseindex)  values('Realization','Customizing R/3 with the Implementation Guide', 'Configuring the Implementation Guide', 3,3,1);
insert into project_implementation(phase,subphase, subsubphase , phaseindex, subphaseindex, subsubphaseindex)  values('Realization','Customizing R/3 with the Implementation Guide', 'IMG Project Documentation', 3,3,2);
insert into project_implementation(phase,subphase, subsubphase,  phaseindex, subphaseindex, subsubphaseindex)  values('Realization','Customizing R/3 with the Implementation Guide', 'Customizing Functionality', 3,3,3);
insert into project_implementation(phase,subphase, subsubphase, phaseindex, subphaseindex, subsubphaseindex)  values('Realization','Customizing R/3 with the Implementation Guide', 'Customizing Wizards', 3,3,4);
insert into project_implementation(phase,subphase, subsubphase, phaseindex, subphaseindex, subsubphaseindex)  values('Realization','Customizing R/3 with the Implementation Guide', 'Creating User Documentation',3,3,5);
insert into project_implementation(phase,subphase, subsubphase, phaseindex, subphaseindex, subsubphaseindex)  values('Realization','Customizing R/3 with the Implementation Guide', 'System Management Procedures',3,3,6);
insert into project_implementation(phase,subphase, subsubphase, phaseindex,subphaseindex, subsubphaseindex)  values('Final Preparation', 'Computing Center Management System','Testing conversion procedures and programs',4,1,1);
insert into project_implementation(phase,subphase, subsubphase, phaseindex, subphaseindex ,subsubphaseindex)  values('Final Preparation','Computing Center Management System','Testing interface programs',4,1,2);
insert into project_implementation(phase,subphase, subsubphase, phaseindex, subphaseindex, subsubphaseindex)  values('Final Preparation','Computing Center Management System','Conducting volume and stress testing',4,1,3);
insert into project_implementation(phase,subphase, subsubphase, phaseindex, subphaseindex, subsubphaseindex)  values('Final Preparation','Computing Center Management System','Conducting final user acceptance testing',4,1,4);
insert into project_implementation(phase,subphase, subsubphase, phaseindex, subphaseindex, subsubphaseindex)  values('Final Preparation','Computing Center Management System','Developing a final go-live strategy',4,1,5);
insert into project_implementation(phase,subphase, phaseindex,subphaseindex)  values('Final Preparation', 'Going Live Check', 4,2);
insert into project_implementation(phase,subphase, phaseindex,subphaseindex)  values('Final Preparation', 'R fining the Cutover', 4,3);
insert into project_implementation(phase,subphase, phaseindex,subphaseindex)  values('Go Live and Support', 'The Online Service System',5,1);
insert into project_implementation(phase,subphase, phaseindex,subphaseindex)  values('Go Live and Support', 'Remote Consulting', 5, 2);
insert into project_implementation(phase,subphase, phaseindex,subphaseindex)  values('Go Live and Support', 'Early Watch Services',5,3);
insert into project_implementation(phase,subphase, phaseindex,subphaseindex)  values('Go Live and Support', 'Production support facilities',5,4);
insert into project_implementation(phase,subphase, phaseindex,subphaseindex)  values('Go Live and Support', 'Validation of business processes and their configuration',5,5);
insert into project_implementation(phase,subphase, phaseindex,subphaseindex)  values('Go Live and Support', 'Follow-up training for users',5,6);
insert into project_implementation(phase,subphase, phaseindex,subphaseindex)  values('Go Live and Support', 'Signoffs',5,7);
insert into project_implementation(phase,subphase, phaseindex,subphaseindex)  values('Go Live and Support', 'System and Release Upgrade',5,8);
insert into project_implementation (phase,subphase, phaseindex,subphaseindex) values('Go Live and Support', 'Upgrade and Release changes',5,9);

INSERT INTO STATUS_MASTER (STATUS_ID,STATUS) VALUES (1,'Unconfirmed');
INSERT INTO STATUS_MASTER (STATUS_ID,STATUS) VALUES (2,'Rejected');
INSERT INTO STATUS_MASTER (STATUS_ID,STATUS) VALUES (3,'Duplicate');
INSERT INTO STATUS_MASTER (STATUS_ID,STATUS) VALUES (4,'Investigation');
INSERT INTO STATUS_MASTER (STATUS_ID,STATUS) VALUES (5,'Confirmed');
INSERT INTO STATUS_MASTER (STATUS_ID,STATUS) VALUES (6,'Development');
INSERT INTO STATUS_MASTER (STATUS_ID,STATUS) VALUES (7,'Workinprogress');
INSERT INTO STATUS_MASTER (STATUS_ID,STATUS) VALUES (8,'Code Review');
INSERT INTO STATUS_MASTER (STATUS_ID,STATUS) VALUES (9,'ReadytoBuild');
INSERT INTO STATUS_MASTER (STATUS_ID,STATUS) VALUES (10,'QA');
INSERT INTO STATUS_MASTER (STATUS_ID,STATUS) VALUES (11,'Performance Testing');
INSERT INTO STATUS_MASTER (STATUS_ID,STATUS) VALUES (12,'Verified');
INSERT INTO STATUS_MASTER (STATUS_ID,STATUS) VALUES (13,'Closed');

INSERT INTO STATUS_SUB (STATUS_ID,STATUS) VALUES (1,2);
INSERT INTO STATUS_SUB (STATUS_ID,STATUS) VALUES (1,3);
INSERT INTO STATUS_SUB (STATUS_ID,STATUS) VALUES (1,4);
INSERT INTO STATUS_SUB (STATUS_ID,STATUS) VALUES (1,5);
INSERT INTO STATUS_SUB (STATUS_ID,STATUS) VALUES (2,13);
INSERT INTO STATUS_SUB (STATUS_ID,STATUS) VALUES (2,4);
INSERT INTO STATUS_SUB (STATUS_ID,STATUS) VALUES (3,4);
INSERT INTO STATUS_SUB (STATUS_ID,STATUS) VALUES (3,13);
INSERT INTO STATUS_SUB (STATUS_ID,STATUS) VALUES (4,2);
INSERT INTO STATUS_SUB (STATUS_ID,STATUS) VALUES (4,3);
INSERT INTO STATUS_SUB (STATUS_ID,STATUS) VALUES (4,5);
INSERT INTO STATUS_SUB (STATUS_ID,STATUS) VALUES (5,6);
INSERT INTO STATUS_SUB (STATUS_ID,STATUS) VALUES (6,4);
INSERT INTO STATUS_SUB (STATUS_ID,STATUS) VALUES (6,7);
INSERT INTO STATUS_SUB (STATUS_ID,STATUS) VALUES (7,8);
INSERT INTO STATUS_SUB (STATUS_ID,STATUS) VALUES (8,9);
INSERT INTO STATUS_SUB (STATUS_ID,STATUS) VALUES (8,6);
INSERT INTO STATUS_SUB (STATUS_ID,STATUS) VALUES (9,10);
INSERT INTO STATUS_SUB (STATUS_ID,STATUS) VALUES (10,6);
INSERT INTO STATUS_SUB (STATUS_ID,STATUS) VALUES (10,12);
INSERT INTO STATUS_SUB (STATUS_ID,STATUS) VALUES (10,11);
INSERT INTO STATUS_SUB (STATUS_ID,STATUS) VALUES (11,6);
INSERT INTO STATUS_SUB (STATUS_ID,STATUS) VALUES (11,12);
INSERT INTO STATUS_SUB (STATUS_ID,STATUS) VALUES (12,4);
INSERT INTO STATUS_SUB (STATUS_ID,STATUS) VALUES (12,13);
INSERT INTO STATUS_SUB (STATUS_ID,STATUS) VALUES (13,4);

INSERT INTO SAP_IMPLEM_STATUS_MASTER (STATUS_ID,STATUS) VALUES (1,'Unconfirmed');
INSERT INTO SAP_IMPLEM_STATUS_MASTER (STATUS_ID,STATUS) VALUES (2,'Rejected');
INSERT INTO SAP_IMPLEM_STATUS_MASTER (STATUS_ID,STATUS) VALUES (3,'Duplicate');
INSERT INTO SAP_IMPLEM_STATUS_MASTER (STATUS_ID,STATUS) VALUES (4,'Investigation');
INSERT INTO SAP_IMPLEM_STATUS_MASTER (STATUS_ID,STATUS) VALUES (5,'Confirmed');
INSERT INTO SAP_IMPLEM_STATUS_MASTER (STATUS_ID,STATUS) VALUES (6,'Detail Design');
INSERT INTO SAP_IMPLEM_STATUS_MASTER (STATUS_ID,STATUS) VALUES (7,'Customizing Request');
INSERT INTO SAP_IMPLEM_STATUS_MASTER (STATUS_ID,STATUS) VALUES (8,'Workbench Request');
INSERT INTO SAP_IMPLEM_STATUS_MASTER (STATUS_ID,STATUS) VALUES (9,'Solution Review');
INSERT INTO SAP_IMPLEM_STATUS_MASTER (STATUS_ID,STATUS) VALUES (10,'Transport to TS');
INSERT INTO SAP_IMPLEM_STATUS_MASTER (STATUS_ID,STATUS) VALUES (11,'QA');
INSERT INTO SAP_IMPLEM_STATUS_MASTER (STATUS_ID,STATUS) VALUES (12,'Transport to PS');
INSERT INTO SAP_IMPLEM_STATUS_MASTER (STATUS_ID,STATUS) VALUES (13,'Verified');
INSERT INTO SAP_IMPLEM_STATUS_MASTER (STATUS_ID,STATUS) VALUES (14,'Closed');

INSERT INTO SAP_IMPLEM_STATUS_SUB (STATUS_ID,STATUS) VALUES (1,2);
INSERT INTO SAP_IMPLEM_STATUS_SUB (STATUS_ID,STATUS) VALUES (1,3);
INSERT INTO SAP_IMPLEM_STATUS_SUB (STATUS_ID,STATUS) VALUES (1,4);
INSERT INTO SAP_IMPLEM_STATUS_SUB (STATUS_ID,STATUS) VALUES (1,5);
INSERT INTO SAP_IMPLEM_STATUS_SUB (STATUS_ID,STATUS) VALUES (2,4);
INSERT INTO SAP_IMPLEM_STATUS_SUB (STATUS_ID,STATUS) VALUES (2,14);
INSERT INTO SAP_IMPLEM_STATUS_SUB (STATUS_ID,STATUS) VALUES (3,4);
INSERT INTO SAP_IMPLEM_STATUS_SUB (STATUS_ID,STATUS) VALUES (3,14);
INSERT INTO SAP_IMPLEM_STATUS_SUB (STATUS_ID,STATUS) VALUES (4,2);
INSERT INTO SAP_IMPLEM_STATUS_SUB (STATUS_ID,STATUS) VALUES (4,3);
INSERT INTO SAP_IMPLEM_STATUS_SUB (STATUS_ID,STATUS) VALUES (4,5);
INSERT INTO SAP_IMPLEM_STATUS_SUB (STATUS_ID,STATUS) VALUES (5,6);
INSERT INTO SAP_IMPLEM_STATUS_SUB (STATUS_ID,STATUS) VALUES (6,7);
INSERT INTO SAP_IMPLEM_STATUS_SUB (STATUS_ID,STATUS) VALUES (6,8);
INSERT INTO SAP_IMPLEM_STATUS_SUB (STATUS_ID,STATUS) VALUES (7,8);
INSERT INTO SAP_IMPLEM_STATUS_SUB (STATUS_ID,STATUS) VALUES (7,9);
INSERT INTO SAP_IMPLEM_STATUS_SUB (STATUS_ID,STATUS) VALUES (8,9);
INSERT INTO SAP_IMPLEM_STATUS_SUB (STATUS_ID,STATUS) VALUES (9,7);
INSERT INTO SAP_IMPLEM_STATUS_SUB (STATUS_ID,STATUS) VALUES (9,8);
INSERT INTO SAP_IMPLEM_STATUS_SUB (STATUS_ID,STATUS) VALUES (9,10);
INSERT INTO SAP_IMPLEM_STATUS_SUB (STATUS_ID,STATUS) VALUES (10,11);
INSERT INTO SAP_IMPLEM_STATUS_SUB (STATUS_ID,STATUS) VALUES (11,7);
INSERT INTO SAP_IMPLEM_STATUS_SUB (STATUS_ID,STATUS) VALUES (11,8);
INSERT INTO SAP_IMPLEM_STATUS_SUB (STATUS_ID,STATUS) VALUES (11,12);
INSERT INTO SAP_IMPLEM_STATUS_SUB (STATUS_ID,STATUS) VALUES (11,13);
INSERT INTO SAP_IMPLEM_STATUS_SUB (STATUS_ID,STATUS) VALUES (12,13);
INSERT INTO SAP_IMPLEM_STATUS_SUB (STATUS_ID,STATUS) VALUES (13,14);
INSERT INTO SAP_IMPLEM_STATUS_SUB (STATUS_ID,STATUS) VALUES (13,4);
INSERT INTO SAP_IMPLEM_STATUS_SUB (STATUS_ID,STATUS) VALUES (14,4);



INSERT INTO SAP_UPGRADE_STATUS_MASTER (STATUS_ID,STATUS) VALUES (1,'Unconfirmed');
INSERT INTO SAP_UPGRADE_STATUS_MASTER (STATUS_ID,STATUS) VALUES (2,'Rejected');
INSERT INTO SAP_UPGRADE_STATUS_MASTER (STATUS_ID,STATUS) VALUES (3,'Duplicate');
INSERT INTO SAP_UPGRADE_STATUS_MASTER (STATUS_ID,STATUS) VALUES (4,'Investigation');
INSERT INTO SAP_UPGRADE_STATUS_MASTER (STATUS_ID,STATUS) VALUES (5,'Confirmed');
INSERT INTO SAP_UPGRADE_STATUS_MASTER (STATUS_ID,STATUS) VALUES (6,'Detail Design');
INSERT INTO SAP_UPGRADE_STATUS_MASTER (STATUS_ID,STATUS) VALUES (7,'Customizing Request');
INSERT INTO SAP_UPGRADE_STATUS_MASTER (STATUS_ID,STATUS) VALUES (8,'Workbench Request');
INSERT INTO SAP_UPGRADE_STATUS_MASTER (STATUS_ID,STATUS) VALUES (9,'Solution Review');
INSERT INTO SAP_UPGRADE_STATUS_MASTER (STATUS_ID,STATUS) VALUES (10,'Transport to TS');
INSERT INTO SAP_UPGRADE_STATUS_MASTER (STATUS_ID,STATUS) VALUES (11,'QA');
INSERT INTO SAP_UPGRADE_STATUS_MASTER (STATUS_ID,STATUS) VALUES (12,'Transport to PS');
INSERT INTO SAP_UPGRADE_STATUS_MASTER (STATUS_ID,STATUS) VALUES (13,'Verified');
INSERT INTO SAP_UPGRADE_STATUS_MASTER (STATUS_ID,STATUS) VALUES (14,'Closed');

INSERT INTO SAP_UPGRADE_STATUS_SUB (STATUS_ID,STATUS) VALUES (1,2);
INSERT INTO SAP_UPGRADE_STATUS_SUB (STATUS_ID,STATUS) VALUES (1,3);
INSERT INTO SAP_UPGRADE_STATUS_SUB (STATUS_ID,STATUS) VALUES (1,4);
INSERT INTO SAP_UPGRADE_STATUS_SUB (STATUS_ID,STATUS) VALUES (1,5);
INSERT INTO SAP_UPGRADE_STATUS_SUB (STATUS_ID,STATUS) VALUES (2,4);
INSERT INTO SAP_UPGRADE_STATUS_SUB (STATUS_ID,STATUS) VALUES (2,14);
INSERT INTO SAP_UPGRADE_STATUS_SUB (STATUS_ID,STATUS) VALUES (3,4);
INSERT INTO SAP_UPGRADE_STATUS_SUB (STATUS_ID,STATUS) VALUES (3,14);
INSERT INTO SAP_UPGRADE_STATUS_SUB (STATUS_ID,STATUS) VALUES (4,2);
INSERT INTO SAP_UPGRADE_STATUS_SUB (STATUS_ID,STATUS) VALUES (4,3);
INSERT INTO SAP_UPGRADE_STATUS_SUB (STATUS_ID,STATUS) VALUES (4,5);
INSERT INTO SAP_UPGRADE_STATUS_SUB (STATUS_ID,STATUS) VALUES (5,6);
INSERT INTO SAP_UPGRADE_STATUS_SUB (STATUS_ID,STATUS) VALUES (6,7);
INSERT INTO SAP_UPGRADE_STATUS_SUB (STATUS_ID,STATUS) VALUES (6,8);
INSERT INTO SAP_UPGRADE_STATUS_SUB (STATUS_ID,STATUS) VALUES (7,8);
INSERT INTO SAP_UPGRADE_STATUS_SUB (STATUS_ID,STATUS) VALUES (7,9);
INSERT INTO SAP_UPGRADE_STATUS_SUB (STATUS_ID,STATUS) VALUES (8,9);
INSERT INTO SAP_UPGRADE_STATUS_SUB (STATUS_ID,STATUS) VALUES (9,7);
INSERT INTO SAP_UPGRADE_STATUS_SUB (STATUS_ID,STATUS) VALUES (9,8);
INSERT INTO SAP_UPGRADE_STATUS_SUB (STATUS_ID,STATUS) VALUES (9,10);
INSERT INTO SAP_UPGRADE_STATUS_SUB (STATUS_ID,STATUS) VALUES (10,11);
INSERT INTO SAP_UPGRADE_STATUS_SUB (STATUS_ID,STATUS) VALUES (11,7);
INSERT INTO SAP_UPGRADE_STATUS_SUB (STATUS_ID,STATUS) VALUES (11,8);
INSERT INTO SAP_UPGRADE_STATUS_SUB (STATUS_ID,STATUS) VALUES (11,12);
INSERT INTO SAP_UPGRADE_STATUS_SUB (STATUS_ID,STATUS) VALUES (11,13);
INSERT INTO SAP_UPGRADE_STATUS_SUB (STATUS_ID,STATUS) VALUES (12,13);
INSERT INTO SAP_UPGRADE_STATUS_SUB (STATUS_ID,STATUS) VALUES (13,14);
INSERT INTO SAP_UPGRADE_STATUS_SUB (STATUS_ID,STATUS) VALUES (13,4);
INSERT INTO SAP_UPGRADE_STATUS_SUB (STATUS_ID,STATUS) VALUES (14,4);



INSERT INTO SAP_SUPPORT_STATUS_MASTER (STATUS_ID,STATUS) VALUES (1,'Unconfirmed');
INSERT INTO SAP_SUPPORT_STATUS_MASTER (STATUS_ID,STATUS) VALUES (2,'Rejected');
INSERT INTO SAP_SUPPORT_STATUS_MASTER (STATUS_ID,STATUS) VALUES (3,'Duplicate');
INSERT INTO SAP_SUPPORT_STATUS_MASTER (STATUS_ID,STATUS) VALUES (4,'Investigation');
INSERT INTO SAP_SUPPORT_STATUS_MASTER (STATUS_ID,STATUS) VALUES (5,'Confirmed');
INSERT INTO SAP_SUPPORT_STATUS_MASTER (STATUS_ID,STATUS) VALUES (6,'Replicating in DS');
INSERT INTO SAP_SUPPORT_STATUS_MASTER (STATUS_ID,STATUS) VALUES (7,'Customizing Request');
INSERT INTO SAP_SUPPORT_STATUS_MASTER (STATUS_ID,STATUS) VALUES (8,'Workbench Request');
INSERT INTO SAP_SUPPORT_STATUS_MASTER (STATUS_ID,STATUS) VALUES (9,'Solution Review');
INSERT INTO SAP_SUPPORT_STATUS_MASTER (STATUS_ID,STATUS) VALUES (10,'Transport to TS');
INSERT INTO SAP_SUPPORT_STATUS_MASTER (STATUS_ID,STATUS) VALUES (11,'QA');
INSERT INTO SAP_SUPPORT_STATUS_MASTER (STATUS_ID,STATUS) VALUES (12,'Transport to PS');
INSERT INTO SAP_SUPPORT_STATUS_MASTER (STATUS_ID,STATUS) VALUES (13,'Verified');
INSERT INTO SAP_SUPPORT_STATUS_MASTER (STATUS_ID,STATUS) VALUES (14,'Closed');

INSERT INTO SAP_SUPPORT_STATUS_SUB (STATUS_ID,STATUS) VALUES (1,2);
INSERT INTO SAP_SUPPORT_STATUS_SUB (STATUS_ID,STATUS) VALUES (1,3);
INSERT INTO SAP_SUPPORT_STATUS_SUB (STATUS_ID,STATUS) VALUES (1,4);
INSERT INTO SAP_SUPPORT_STATUS_SUB (STATUS_ID,STATUS) VALUES (1,5);
INSERT INTO SAP_SUPPORT_STATUS_SUB (STATUS_ID,STATUS) VALUES (2,4);
INSERT INTO SAP_SUPPORT_STATUS_SUB (STATUS_ID,STATUS) VALUES (2,14);
INSERT INTO SAP_SUPPORT_STATUS_SUB (STATUS_ID,STATUS) VALUES (3,4);
INSERT INTO SAP_SUPPORT_STATUS_SUB (STATUS_ID,STATUS) VALUES (3,14);
INSERT INTO SAP_SUPPORT_STATUS_SUB (STATUS_ID,STATUS) VALUES (4,2);
INSERT INTO SAP_SUPPORT_STATUS_SUB (STATUS_ID,STATUS) VALUES (4,3);
INSERT INTO SAP_SUPPORT_STATUS_SUB (STATUS_ID,STATUS) VALUES (4,5);
INSERT INTO SAP_SUPPORT_STATUS_SUB (STATUS_ID,STATUS) VALUES (5,6);
INSERT INTO SAP_SUPPORT_STATUS_SUB (STATUS_ID,STATUS) VALUES (6,7);
INSERT INTO SAP_SUPPORT_STATUS_SUB (STATUS_ID,STATUS) VALUES (6,8);
INSERT INTO SAP_SUPPORT_STATUS_SUB (STATUS_ID,STATUS) VALUES (7,8);
INSERT INTO SAP_SUPPORT_STATUS_SUB (STATUS_ID,STATUS) VALUES (7,9);
INSERT INTO SAP_SUPPORT_STATUS_SUB (STATUS_ID,STATUS) VALUES (8,9);
INSERT INTO SAP_SUPPORT_STATUS_SUB (STATUS_ID,STATUS) VALUES (9,7);
INSERT INTO SAP_SUPPORT_STATUS_SUB (STATUS_ID,STATUS) VALUES (9,8);
INSERT INTO SAP_SUPPORT_STATUS_SUB (STATUS_ID,STATUS) VALUES (9,10);
INSERT INTO SAP_SUPPORT_STATUS_SUB (STATUS_ID,STATUS) VALUES (10,11);
INSERT INTO SAP_SUPPORT_STATUS_SUB (STATUS_ID,STATUS) VALUES (11,7);
INSERT INTO SAP_SUPPORT_STATUS_SUB (STATUS_ID,STATUS) VALUES (11,8);
INSERT INTO SAP_SUPPORT_STATUS_SUB (STATUS_ID,STATUS) VALUES (11,12);
INSERT INTO SAP_SUPPORT_STATUS_SUB (STATUS_ID,STATUS) VALUES (11,13);
INSERT INTO SAP_SUPPORT_STATUS_SUB (STATUS_ID,STATUS) VALUES (12,13);
INSERT INTO SAP_SUPPORT_STATUS_SUB (STATUS_ID,STATUS) VALUES (13,14);
INSERT INTO SAP_SUPPORT_STATUS_SUB (STATUS_ID,STATUS) VALUES (13,4);
INSERT INTO SAP_SUPPORT_STATUS_SUB (STATUS_ID,STATUS) VALUES (14,4);



INSERT INTO SAP_NONSAP_STATUS_LIST (STATUS_ID,STATUS) VALUES (1,'Unconfirmed');
INSERT INTO SAP_NONSAP_STATUS_LIST (STATUS_ID,STATUS) VALUES (2,'Rejected');
INSERT INTO SAP_NONSAP_STATUS_LIST (STATUS_ID,STATUS) VALUES (3,'Duplicate');
INSERT INTO SAP_NONSAP_STATUS_LIST (STATUS_ID,STATUS) VALUES (4,'Investigation');
INSERT INTO SAP_NONSAP_STATUS_LIST (STATUS_ID,STATUS) VALUES (5,'Confirmed');
INSERT INTO SAP_NONSAP_STATUS_LIST (STATUS_ID,STATUS) VALUES (6,'Development');
INSERT INTO SAP_NONSAP_STATUS_LIST (STATUS_ID,STATUS) VALUES (7,'Detail Design');
INSERT INTO SAP_NONSAP_STATUS_LIST (STATUS_ID,STATUS) VALUES (8,'Replicating in DS');
INSERT INTO SAP_NONSAP_STATUS_LIST (STATUS_ID,STATUS) VALUES (9,'Workinprogress');
INSERT INTO SAP_NONSAP_STATUS_LIST (STATUS_ID,STATUS) VALUES (10,'Customizing Req');
INSERT INTO SAP_NONSAP_STATUS_LIST (STATUS_ID,STATUS) VALUES (11,'Workbench Request');
INSERT INTO SAP_NONSAP_STATUS_LIST (STATUS_ID,STATUS) VALUES (12,'Code Review');
INSERT INTO SAP_NONSAP_STATUS_LIST (STATUS_ID,STATUS) VALUES (13,'Solution Review');
INSERT INTO SAP_NONSAP_STATUS_LIST (STATUS_ID,STATUS) VALUES (14,'ReadytoBuild');
INSERT INTO SAP_NONSAP_STATUS_LIST (STATUS_ID,STATUS) VALUES (15,'Transport to TS');
INSERT INTO SAP_NONSAP_STATUS_LIST (STATUS_ID,STATUS) VALUES (16,'QA');
INSERT INTO SAP_NONSAP_STATUS_LIST (STATUS_ID,STATUS) VALUES (17,'Performance QA');
INSERT INTO SAP_NONSAP_STATUS_LIST (STATUS_ID,STATUS) VALUES (18,'Transport to PS');
INSERT INTO SAP_NONSAP_STATUS_LIST (STATUS_ID,STATUS) VALUES (19,'Verified');
INSERT INTO SAP_NONSAP_STATUS_LIST (STATUS_ID,STATUS) VALUES (20,'Closed');

CREATE SEQUENCE   "FID_SEQ"  MINVALUE 1 MAXVALUE 999999999999999999999999999 INCREMENT BY 1 START WITH 10000 NOCACHE  NOORDER  NOCYCLE;
CREATE SEQUENCE   "ISSUEID_SEQ"  MINVALUE 1 MAXVALUE 999999999999999999999999999 INCREMENT BY 1 START WITH 2 NOCACHE  NOORDER  NOCYCLE;
CREATE SEQUENCE   "MODULEID_SEQ"  MINVALUE 1 MAXVALUE 999999999999999999999999999 INCREMENT BY 1 START WITH 10323 NOCACHE  NOORDER  NOCYCLE;
CREATE SEQUENCE   "PID_SEQ"  MINVALUE 1 MAXVALUE 999999999999999999999999999 INCREMENT BY 1 START WITH 10000 NOCACHE  NOORDER  NOCYCLE;
CREATE SEQUENCE   "QUERYID_SEQ"  MINVALUE 1 MAXVALUE 999999999999999999999999999 INCREMENT BY 1 START WITH 100 NOCACHE  NOORDER  NOCYCLE;
CREATE SEQUENCE   "STATUSID_SEQ"  MINVALUE 1 MAXVALUE 999999999999999999999999999 INCREMENT BY 1 START WITH 10000 NOCACHE  NOORDER  NOCYCLE;
CREATE SEQUENCE   "USERID_SEQ"  MINVALUE 1 MAXVALUE 999999999999999999999999999 INCREMENT BY 1 START WITH 100 NOCACHE  NOORDER  NOCYCLE;
CREATE SEQUENCE   "ACCOUNTID_SEQ"  MINVALUE 1 MAXVALUE 999999999999999999999999999 INCREMENT BY 1 START WITH 10001 NOCACHE  NOORDER  NOCYCLE;
CREATE SEQUENCE   "LEADID_SEQ"  MINVALUE 1 MAXVALUE 999999999999999999999999999 INCREMENT BY 1 START WITH 10001 NOCACHE  NOORDER  NOCYCLE;
CREATE SEQUENCE   "CONTACTID_SEQ"  MINVALUE 1 MAXVALUE 999999999999999999999999999 INCREMENT BY 1 START WITH 10001 NOCACHE  NOORDER  NOCYCLE;
CREATE SEQUENCE   "OPPORTUNITYID_SEQ"  MINVALUE 1 MAXVALUE 999999999999999999999999999 INCREMENT BY 1 START WITH 10001 NOCACHE  NOORDER  NOCYCLE;
CREATE SEQUENCE   "REQUESTID_SEQ"  MINVALUE 1 MAXVALUE 999999999999999999999999999 INCREMENT BY 1 START WITH 10001 NOCACHE  NOORDER  NOCYCLE;
CREATE SEQUENCE   "LEAVEID_SEQ"  MINVALUE 1 MAXVALUE 999999999999999999999999999 INCREMENT BY 1 START WITH 10001 NOCACHE  NOORDER  NOCYCLE;
