DELETE FROM STATUS_MASTER;
DELETE FROM STATUS_SUB;
INSERT INTO STATUS_MASTER (STATUS_ID,STATUS) VALUES (1,'Unconfirmed');
INSERT INTO STATUS_MASTER (STATUS_ID,STATUS) VALUES (2,'Rejected');
INSERT INTO STATUS_MASTER (STATUS_ID,STATUS) VALUES (3,'Duplicate');
INSERT INTO STATUS_MASTER (STATUS_ID,STATUS) VALUES (4,'User Error');
INSERT INTO STATUS_MASTER (STATUS_ID,STATUS) VALUES (5,'Investigation');
INSERT INTO STATUS_MASTER (STATUS_ID,STATUS) VALUES (6,'Confirmed');
INSERT INTO STATUS_MASTER (STATUS_ID,STATUS) VALUES (7,'QA-BTC');
INSERT INTO STATUS_MASTER (STATUS_ID,STATUS) VALUES (8,'Development');
INSERT INTO STATUS_MASTER (STATUS_ID,STATUS) VALUES (9,'Workinprogress');
INSERT INTO STATUS_MASTER (STATUS_ID,STATUS) VALUES (10,'Code Review');
INSERT INTO STATUS_MASTER (STATUS_ID,STATUS) VALUES (11,'ReadytoBuild');
INSERT INTO STATUS_MASTER (STATUS_ID,STATUS) VALUES (12,'QA-TCE');
INSERT INTO STATUS_MASTER (STATUS_ID,STATUS) VALUES (13,'Performance Testing');
INSERT INTO STATUS_MASTER (STATUS_ID,STATUS) VALUES (14,'Verified');
INSERT INTO STATUS_MASTER (STATUS_ID,STATUS) VALUES (15,'Closed');

INSERT INTO STATUS_SUB (STATUS_ID,STATUS) VALUES (1,2);
INSERT INTO STATUS_SUB (STATUS_ID,STATUS) VALUES (1,3);
INSERT INTO STATUS_SUB (STATUS_ID,STATUS) VALUES (1,4);
INSERT INTO STATUS_SUB (STATUS_ID,STATUS) VALUES (1,5);
INSERT INTO STATUS_SUB (STATUS_ID,STATUS) VALUES (1,6);

INSERT INTO STATUS_SUB (STATUS_ID,STATUS) VALUES (2,5);
INSERT INTO STATUS_SUB (STATUS_ID,STATUS) VALUES (2,15);

INSERT INTO STATUS_SUB (STATUS_ID,STATUS) VALUES (3,5);
INSERT INTO STATUS_SUB (STATUS_ID,STATUS) VALUES (3,15);

INSERT INTO STATUS_SUB (STATUS_ID,STATUS) VALUES (4,5);
INSERT INTO STATUS_SUB (STATUS_ID,STATUS) VALUES (4,14);

INSERT INTO STATUS_SUB (STATUS_ID,STATUS) VALUES (5,2);
INSERT INTO STATUS_SUB (STATUS_ID,STATUS) VALUES (5,3);
INSERT INTO STATUS_SUB (STATUS_ID,STATUS) VALUES (5,4);
INSERT INTO STATUS_SUB (STATUS_ID,STATUS) VALUES (5,6);


INSERT INTO STATUS_SUB (STATUS_ID,STATUS) VALUES (6,7);

INSERT INTO STATUS_SUB (STATUS_ID,STATUS) VALUES (7,5);
INSERT INTO STATUS_SUB (STATUS_ID,STATUS) VALUES (7,8);

INSERT INTO STATUS_SUB (STATUS_ID,STATUS) VALUES (8,5);
INSERT INTO STATUS_SUB (STATUS_ID,STATUS) VALUES (8,9);

INSERT INTO STATUS_SUB (STATUS_ID,STATUS) VALUES (9,10);

INSERT INTO STATUS_SUB (STATUS_ID,STATUS) VALUES (10,8);
INSERT INTO STATUS_SUB (STATUS_ID,STATUS) VALUES (10,11);

INSERT INTO STATUS_SUB (STATUS_ID,STATUS) VALUES (11,12);

INSERT INTO STATUS_SUB (STATUS_ID,STATUS) VALUES (12,7);
INSERT INTO STATUS_SUB (STATUS_ID,STATUS) VALUES (12,8);
INSERT INTO STATUS_SUB (STATUS_ID,STATUS) VALUES (12,13);
INSERT INTO STATUS_SUB (STATUS_ID,STATUS) VALUES (12,14);

INSERT INTO STATUS_SUB (STATUS_ID,STATUS) VALUES (13,8);
INSERT INTO STATUS_SUB (STATUS_ID,STATUS) VALUES (13,14);

INSERT INTO STATUS_SUB (STATUS_ID,STATUS) VALUES (14,5);
INSERT INTO STATUS_SUB (STATUS_ID,STATUS) VALUES (14,15);

INSERT INTO STATUS_SUB (STATUS_ID,STATUS) VALUES (15,5);

DELETE FROM SAP_IMPLEM_STATUS_SUB;
DELETE FROM SAP_IMPLEM_STATUS_MASTER;
INSERT INTO SAP_IMPLEM_STATUS_MASTER (STATUS_ID,STATUS) VALUES (1,'Unconfirmed');
INSERT INTO SAP_IMPLEM_STATUS_MASTER (STATUS_ID,STATUS) VALUES (2,'Rejected');
INSERT INTO SAP_IMPLEM_STATUS_MASTER (STATUS_ID,STATUS) VALUES (3,'Duplicate');
INSERT INTO SAP_IMPLEM_STATUS_MASTER (STATUS_ID,STATUS) VALUES (4,'User Error');
INSERT INTO SAP_IMPLEM_STATUS_MASTER (STATUS_ID,STATUS) VALUES (5,'Investigation');
INSERT INTO SAP_IMPLEM_STATUS_MASTER (STATUS_ID,STATUS) VALUES (6,'Confirmed');
INSERT INTO SAP_IMPLEM_STATUS_MASTER (STATUS_ID,STATUS) VALUES (7,'QA-BTC');
INSERT INTO SAP_IMPLEM_STATUS_MASTER (STATUS_ID,STATUS) VALUES (8,'Detail Design');
INSERT INTO SAP_IMPLEM_STATUS_MASTER (STATUS_ID,STATUS) VALUES (9,'Customizing Request');
INSERT INTO SAP_IMPLEM_STATUS_MASTER (STATUS_ID,STATUS) VALUES (10,'Workbench Request');
INSERT INTO SAP_IMPLEM_STATUS_MASTER (STATUS_ID,STATUS) VALUES (11,'Solution Review');
INSERT INTO SAP_IMPLEM_STATUS_MASTER (STATUS_ID,STATUS) VALUES (12,'Transport to TS');
INSERT INTO SAP_IMPLEM_STATUS_MASTER (STATUS_ID,STATUS) VALUES (13,'QA-TCE');
INSERT INTO SAP_IMPLEM_STATUS_MASTER (STATUS_ID,STATUS) VALUES (14,'Transport to PS');
INSERT INTO SAP_IMPLEM_STATUS_MASTER (STATUS_ID,STATUS) VALUES (15,'Verified');
INSERT INTO SAP_IMPLEM_STATUS_MASTER (STATUS_ID,STATUS) VALUES (16,'Closed');

INSERT INTO SAP_IMPLEM_STATUS_SUB (STATUS_ID,STATUS) VALUES (1,2);
INSERT INTO SAP_IMPLEM_STATUS_SUB (STATUS_ID,STATUS) VALUES (1,3);
INSERT INTO SAP_IMPLEM_STATUS_SUB (STATUS_ID,STATUS) VALUES (1,4);
INSERT INTO SAP_IMPLEM_STATUS_SUB (STATUS_ID,STATUS) VALUES (1,5);
INSERT INTO SAP_IMPLEM_STATUS_SUB (STATUS_ID,STATUS) VALUES (1,6);

INSERT INTO SAP_IMPLEM_STATUS_SUB (STATUS_ID,STATUS) VALUES (2,5);
INSERT INTO SAP_IMPLEM_STATUS_SUB (STATUS_ID,STATUS) VALUES (2,16);

INSERT INTO SAP_IMPLEM_STATUS_SUB (STATUS_ID,STATUS) VALUES (3,5);
INSERT INTO SAP_IMPLEM_STATUS_SUB (STATUS_ID,STATUS) VALUES (3,16);

INSERT INTO SAP_IMPLEM_STATUS_SUB (STATUS_ID,STATUS) VALUES (4,5);
INSERT INTO SAP_IMPLEM_STATUS_SUB (STATUS_ID,STATUS) VALUES (4,15);

INSERT INTO SAP_IMPLEM_STATUS_SUB (STATUS_ID,STATUS) VALUES (5,2);
INSERT INTO SAP_IMPLEM_STATUS_SUB (STATUS_ID,STATUS) VALUES (5,3);
INSERT INTO SAP_IMPLEM_STATUS_SUB (STATUS_ID,STATUS) VALUES (5,4);
INSERT INTO SAP_IMPLEM_STATUS_SUB (STATUS_ID,STATUS) VALUES (5,6);

INSERT INTO SAP_IMPLEM_STATUS_SUB (STATUS_ID,STATUS) VALUES (6,7);

INSERT INTO SAP_IMPLEM_STATUS_SUB (STATUS_ID,STATUS) VALUES (7,8);

INSERT INTO SAP_IMPLEM_STATUS_SUB (STATUS_ID,STATUS) VALUES (8,9);
INSERT INTO SAP_IMPLEM_STATUS_SUB (STATUS_ID,STATUS) VALUES (8,10);

INSERT INTO SAP_IMPLEM_STATUS_SUB (STATUS_ID,STATUS) VALUES (9,10);
INSERT INTO SAP_IMPLEM_STATUS_SUB (STATUS_ID,STATUS) VALUES (9,11);

INSERT INTO SAP_IMPLEM_STATUS_SUB (STATUS_ID,STATUS) VALUES (10,11);

INSERT INTO SAP_IMPLEM_STATUS_SUB (STATUS_ID,STATUS) VALUES (11,12);
INSERT INTO SAP_IMPLEM_STATUS_SUB (STATUS_ID,STATUS) VALUES (11,9);
INSERT INTO SAP_IMPLEM_STATUS_SUB (STATUS_ID,STATUS) VALUES (11,10);

INSERT INTO SAP_IMPLEM_STATUS_SUB (STATUS_ID,STATUS) VALUES (12,13);

INSERT INTO SAP_IMPLEM_STATUS_SUB (STATUS_ID,STATUS) VALUES (13,7);
INSERT INTO SAP_IMPLEM_STATUS_SUB (STATUS_ID,STATUS) VALUES (13,9);
INSERT INTO SAP_IMPLEM_STATUS_SUB (STATUS_ID,STATUS) VALUES (13,10);
INSERT INTO SAP_IMPLEM_STATUS_SUB (STATUS_ID,STATUS) VALUES (13,14);

INSERT INTO SAP_IMPLEM_STATUS_SUB (STATUS_ID,STATUS) VALUES (14,15);

INSERT INTO SAP_IMPLEM_STATUS_SUB (STATUS_ID,STATUS) VALUES (15,16);
INSERT INTO SAP_IMPLEM_STATUS_SUB (STATUS_ID,STATUS) VALUES (15,5);

INSERT INTO SAP_IMPLEM_STATUS_SUB (STATUS_ID,STATUS) VALUES (16,5);

DELETE FROM SAP_UPGRADE_STATUS_SUB;
DELETE FROM SAP_UPGRADE_STATUS_MASTER;
INSERT INTO SAP_UPGRADE_STATUS_MASTER (STATUS_ID,STATUS) VALUES (1,'Unconfirmed');
INSERT INTO SAP_UPGRADE_STATUS_MASTER (STATUS_ID,STATUS) VALUES (2,'Rejected');
INSERT INTO SAP_UPGRADE_STATUS_MASTER (STATUS_ID,STATUS) VALUES (3,'Duplicate');
INSERT INTO SAP_UPGRADE_STATUS_MASTER (STATUS_ID,STATUS) VALUES (4,'User Error');
INSERT INTO SAP_UPGRADE_STATUS_MASTER (STATUS_ID,STATUS) VALUES (5,'Investigation');
INSERT INTO SAP_UPGRADE_STATUS_MASTER (STATUS_ID,STATUS) VALUES (6,'Confirmed');
INSERT INTO SAP_UPGRADE_STATUS_MASTER (STATUS_ID,STATUS) VALUES (7,'QA-BTC');
INSERT INTO SAP_UPGRADE_STATUS_MASTER (STATUS_ID,STATUS) VALUES (8,'Detail Design');
INSERT INTO SAP_UPGRADE_STATUS_MASTER (STATUS_ID,STATUS) VALUES (9,'Customizing Request');
INSERT INTO SAP_UPGRADE_STATUS_MASTER (STATUS_ID,STATUS) VALUES (10,'Workbench Request');
INSERT INTO SAP_UPGRADE_STATUS_MASTER (STATUS_ID,STATUS) VALUES (11,'Solution Review');
INSERT INTO SAP_UPGRADE_STATUS_MASTER (STATUS_ID,STATUS) VALUES (12,'Transport to TS');
INSERT INTO SAP_UPGRADE_STATUS_MASTER (STATUS_ID,STATUS) VALUES (13,'QA-TCE');
INSERT INTO SAP_UPGRADE_STATUS_MASTER (STATUS_ID,STATUS) VALUES (14,'Transport to PS');
INSERT INTO SAP_UPGRADE_STATUS_MASTER (STATUS_ID,STATUS) VALUES (15,'Verified');
INSERT INTO SAP_UPGRADE_STATUS_MASTER (STATUS_ID,STATUS) VALUES (16,'Closed');

INSERT INTO SAP_UPGRADE_STATUS_SUB (STATUS_ID,STATUS) VALUES (1,2);
INSERT INTO SAP_UPGRADE_STATUS_SUB (STATUS_ID,STATUS) VALUES (1,3);
INSERT INTO SAP_UPGRADE_STATUS_SUB (STATUS_ID,STATUS) VALUES (1,4);
INSERT INTO SAP_UPGRADE_STATUS_SUB (STATUS_ID,STATUS) VALUES (1,5);
INSERT INTO SAP_UPGRADE_STATUS_SUB (STATUS_ID,STATUS) VALUES (1,6);

INSERT INTO SAP_UPGRADE_STATUS_SUB (STATUS_ID,STATUS) VALUES (2,5);
INSERT INTO SAP_UPGRADE_STATUS_SUB (STATUS_ID,STATUS) VALUES (2,16);

INSERT INTO SAP_UPGRADE_STATUS_SUB (STATUS_ID,STATUS) VALUES (3,5);
INSERT INTO SAP_UPGRADE_STATUS_SUB (STATUS_ID,STATUS) VALUES (3,16);

INSERT INTO SAP_UPGRADE_STATUS_SUB (STATUS_ID,STATUS) VALUES (4,5);
INSERT INTO SAP_UPGRADE_STATUS_SUB (STATUS_ID,STATUS) VALUES (4,15);

INSERT INTO SAP_UPGRADE_STATUS_SUB (STATUS_ID,STATUS) VALUES (5,2);
INSERT INTO SAP_UPGRADE_STATUS_SUB (STATUS_ID,STATUS) VALUES (5,3);
INSERT INTO SAP_UPGRADE_STATUS_SUB (STATUS_ID,STATUS) VALUES (5,4);
INSERT INTO SAP_UPGRADE_STATUS_SUB (STATUS_ID,STATUS) VALUES (5,6);

INSERT INTO SAP_UPGRADE_STATUS_SUB (STATUS_ID,STATUS) VALUES (6,7);

INSERT INTO SAP_UPGRADE_STATUS_SUB (STATUS_ID,STATUS) VALUES (7,8);

INSERT INTO SAP_UPGRADE_STATUS_SUB (STATUS_ID,STATUS) VALUES (8,9);
INSERT INTO SAP_UPGRADE_STATUS_SUB (STATUS_ID,STATUS) VALUES (8,10);

INSERT INTO SAP_UPGRADE_STATUS_SUB (STATUS_ID,STATUS) VALUES (9,10);
INSERT INTO SAP_UPGRADE_STATUS_SUB (STATUS_ID,STATUS) VALUES (9,11);

INSERT INTO SAP_UPGRADE_STATUS_SUB (STATUS_ID,STATUS) VALUES (10,11);

INSERT INTO SAP_UPGRADE_STATUS_SUB (STATUS_ID,STATUS) VALUES (11,12);
INSERT INTO SAP_UPGRADE_STATUS_SUB (STATUS_ID,STATUS) VALUES (11,9);
INSERT INTO SAP_UPGRADE_STATUS_SUB (STATUS_ID,STATUS) VALUES (11,10);

INSERT INTO SAP_UPGRADE_STATUS_SUB (STATUS_ID,STATUS) VALUES (12,13);

INSERT INTO SAP_UPGRADE_STATUS_SUB (STATUS_ID,STATUS) VALUES (13,7);
INSERT INTO SAP_UPGRADE_STATUS_SUB (STATUS_ID,STATUS) VALUES (13,9);
INSERT INTO SAP_UPGRADE_STATUS_SUB (STATUS_ID,STATUS) VALUES (13,10);
INSERT INTO SAP_UPGRADE_STATUS_SUB (STATUS_ID,STATUS) VALUES (13,14);

INSERT INTO SAP_UPGRADE_STATUS_SUB (STATUS_ID,STATUS) VALUES (14,15);

INSERT INTO SAP_UPGRADE_STATUS_SUB (STATUS_ID,STATUS) VALUES (15,16);
INSERT INTO SAP_UPGRADE_STATUS_SUB (STATUS_ID,STATUS) VALUES (15,5);

INSERT INTO SAP_UPGRADE_STATUS_SUB (STATUS_ID,STATUS) VALUES (16,5);

DELETE FROM SAP_SUPPORT_STATUS_SUB;
DELETE FROM SAP_SUPPORT_STATUS_MASTER;
INSERT INTO SAP_SUPPORT_STATUS_MASTER (STATUS_ID,STATUS) VALUES (1,'Unconfirmed');
INSERT INTO SAP_SUPPORT_STATUS_MASTER (STATUS_ID,STATUS) VALUES (2,'Rejected');
INSERT INTO SAP_SUPPORT_STATUS_MASTER (STATUS_ID,STATUS) VALUES (3,'Duplicate');
INSERT INTO SAP_SUPPORT_STATUS_MASTER (STATUS_ID,STATUS) VALUES (4,'User Error');
INSERT INTO SAP_SUPPORT_STATUS_MASTER (STATUS_ID,STATUS) VALUES (5,'Investigation');
INSERT INTO SAP_SUPPORT_STATUS_MASTER (STATUS_ID,STATUS) VALUES (6,'Confirmed');
INSERT INTO SAP_SUPPORT_STATUS_MASTER (STATUS_ID,STATUS) VALUES (7,'QA-BTC');
INSERT INTO SAP_SUPPORT_STATUS_MASTER (STATUS_ID,STATUS) VALUES (8,'Replicating in DS');
INSERT INTO SAP_SUPPORT_STATUS_MASTER (STATUS_ID,STATUS) VALUES (9,'Customizing Request');
INSERT INTO SAP_SUPPORT_STATUS_MASTER (STATUS_ID,STATUS) VALUES (10,'Workbench Request');
INSERT INTO SAP_SUPPORT_STATUS_MASTER (STATUS_ID,STATUS) VALUES (11,'Solution Review');
INSERT INTO SAP_SUPPORT_STATUS_MASTER (STATUS_ID,STATUS) VALUES (12,'Transport to TS');
INSERT INTO SAP_SUPPORT_STATUS_MASTER (STATUS_ID,STATUS) VALUES (13,'QA-TCE');
INSERT INTO SAP_SUPPORT_STATUS_MASTER (STATUS_ID,STATUS) VALUES (14,'Transport to PS');
INSERT INTO SAP_SUPPORT_STATUS_MASTER (STATUS_ID,STATUS) VALUES (15,'Verified');
INSERT INTO SAP_SUPPORT_STATUS_MASTER (STATUS_ID,STATUS) VALUES (16,'Closed');

INSERT INTO SAP_SUPPORT_STATUS_SUB (STATUS_ID,STATUS) VALUES (1,2);
INSERT INTO SAP_SUPPORT_STATUS_SUB (STATUS_ID,STATUS) VALUES (1,3);
INSERT INTO SAP_SUPPORT_STATUS_SUB (STATUS_ID,STATUS) VALUES (1,4);
INSERT INTO SAP_SUPPORT_STATUS_SUB (STATUS_ID,STATUS) VALUES (1,5);
INSERT INTO SAP_SUPPORT_STATUS_SUB (STATUS_ID,STATUS) VALUES (1,6);

INSERT INTO SAP_SUPPORT_STATUS_SUB (STATUS_ID,STATUS) VALUES (2,5);
INSERT INTO SAP_SUPPORT_STATUS_SUB (STATUS_ID,STATUS) VALUES (2,16);

INSERT INTO SAP_SUPPORT_STATUS_SUB (STATUS_ID,STATUS) VALUES (3,5);
INSERT INTO SAP_SUPPORT_STATUS_SUB (STATUS_ID,STATUS) VALUES (3,16);

INSERT INTO SAP_SUPPORT_STATUS_SUB (STATUS_ID,STATUS) VALUES (4,5);
INSERT INTO SAP_SUPPORT_STATUS_SUB (STATUS_ID,STATUS) VALUES (4,15);

INSERT INTO SAP_SUPPORT_STATUS_SUB (STATUS_ID,STATUS) VALUES (5,2);
INSERT INTO SAP_SUPPORT_STATUS_SUB (STATUS_ID,STATUS) VALUES (5,3);
INSERT INTO SAP_SUPPORT_STATUS_SUB (STATUS_ID,STATUS) VALUES (5,4);
INSERT INTO SAP_SUPPORT_STATUS_SUB (STATUS_ID,STATUS) VALUES (5,6);

INSERT INTO SAP_SUPPORT_STATUS_SUB (STATUS_ID,STATUS) VALUES (6,7);

INSERT INTO SAP_SUPPORT_STATUS_SUB (STATUS_ID,STATUS) VALUES (7,8);

INSERT INTO SAP_SUPPORT_STATUS_SUB (STATUS_ID,STATUS) VALUES (8,9);
INSERT INTO SAP_SUPPORT_STATUS_SUB (STATUS_ID,STATUS) VALUES (8,10);

INSERT INTO SAP_SUPPORT_STATUS_SUB (STATUS_ID,STATUS) VALUES (9,10);
INSERT INTO SAP_SUPPORT_STATUS_SUB (STATUS_ID,STATUS) VALUES (9,11);

INSERT INTO SAP_SUPPORT_STATUS_SUB (STATUS_ID,STATUS) VALUES (10,11);

INSERT INTO SAP_SUPPORT_STATUS_SUB (STATUS_ID,STATUS) VALUES (11,12);
INSERT INTO SAP_SUPPORT_STATUS_SUB (STATUS_ID,STATUS) VALUES (11,9);
INSERT INTO SAP_SUPPORT_STATUS_SUB (STATUS_ID,STATUS) VALUES (11,10);

INSERT INTO SAP_SUPPORT_STATUS_SUB (STATUS_ID,STATUS) VALUES (12,13);

INSERT INTO SAP_SUPPORT_STATUS_SUB (STATUS_ID,STATUS) VALUES (13,7);
INSERT INTO SAP_SUPPORT_STATUS_SUB (STATUS_ID,STATUS) VALUES (13,9);
INSERT INTO SAP_SUPPORT_STATUS_SUB (STATUS_ID,STATUS) VALUES (13,10);
INSERT INTO SAP_SUPPORT_STATUS_SUB (STATUS_ID,STATUS) VALUES (13,14);

INSERT INTO SAP_SUPPORT_STATUS_SUB (STATUS_ID,STATUS) VALUES (14,15);

INSERT INTO SAP_SUPPORT_STATUS_SUB (STATUS_ID,STATUS) VALUES (15,16);
INSERT INTO SAP_SUPPORT_STATUS_SUB (STATUS_ID,STATUS) VALUES (15,5);

INSERT INTO SAP_SUPPORT_STATUS_SUB (STATUS_ID,STATUS) VALUES (16,5);

DELETE FROM SAP_NONSAP_STATUS_LIST;
INSERT INTO SAP_NONSAP_STATUS_LIST (STATUS_ID,STATUS) VALUES (1,'Unconfirmed');
INSERT INTO SAP_NONSAP_STATUS_LIST (STATUS_ID,STATUS) VALUES (2,'Rejected');
INSERT INTO SAP_NONSAP_STATUS_LIST (STATUS_ID,STATUS) VALUES (3,'Duplicate');
INSERT INTO SAP_NONSAP_STATUS_LIST (STATUS_ID,STATUS) VALUES (4,'User Error');
INSERT INTO SAP_NONSAP_STATUS_LIST (STATUS_ID,STATUS) VALUES (5,'Investigation');
INSERT INTO SAP_NONSAP_STATUS_LIST (STATUS_ID,STATUS) VALUES (6,'Confirmed');
INSERT INTO SAP_NONSAP_STATUS_LIST (STATUS_ID,STATUS) VALUES (7,'QA-BTC');
INSERT INTO SAP_NONSAP_STATUS_LIST (STATUS_ID,STATUS) VALUES (8,'Development');
INSERT INTO SAP_NONSAP_STATUS_LIST (STATUS_ID,STATUS) VALUES (9,'Detail Design');
INSERT INTO SAP_NONSAP_STATUS_LIST (STATUS_ID,STATUS) VALUES (10,'Replicating in DS');
INSERT INTO SAP_NONSAP_STATUS_LIST (STATUS_ID,STATUS) VALUES (11,'Workinprogress');
INSERT INTO SAP_NONSAP_STATUS_LIST (STATUS_ID,STATUS) VALUES (12,'Customizing Req');
INSERT INTO SAP_NONSAP_STATUS_LIST (STATUS_ID,STATUS) VALUES (13,'Workbench Request');
INSERT INTO SAP_NONSAP_STATUS_LIST (STATUS_ID,STATUS) VALUES (14,'Code Review');
INSERT INTO SAP_NONSAP_STATUS_LIST (STATUS_ID,STATUS) VALUES (15,'Solution Review');
INSERT INTO SAP_NONSAP_STATUS_LIST (STATUS_ID,STATUS) VALUES (16,'ReadytoBuild');
INSERT INTO SAP_NONSAP_STATUS_LIST (STATUS_ID,STATUS) VALUES (17,'Transport to TS');
INSERT INTO SAP_NONSAP_STATUS_LIST (STATUS_ID,STATUS) VALUES (18,'QA-TCE');
INSERT INTO SAP_NONSAP_STATUS_LIST (STATUS_ID,STATUS) VALUES (19,'Performance QA');
INSERT INTO SAP_NONSAP_STATUS_LIST (STATUS_ID,STATUS) VALUES (20,'Transport to PS');
INSERT INTO SAP_NONSAP_STATUS_LIST (STATUS_ID,STATUS) VALUES (21,'Verified');
INSERT INTO SAP_NONSAP_STATUS_LIST (STATUS_ID,STATUS) VALUES (22,'Closed');