DELETE FROM STATUS_MASTER;
DELETE FROM STATUS_SUB;
INSERT INTO STATUS_MASTER (STATUS_ID,STATUS) VALUES (1,'Unconfirmed');
INSERT INTO STATUS_MASTER (STATUS_ID,STATUS) VALUES (2,'Rejected');
INSERT INTO STATUS_MASTER (STATUS_ID,STATUS) VALUES (3,'Duplicate');
INSERT INTO STATUS_MASTER (STATUS_ID,STATUS) VALUES (4,'User Error');
INSERT INTO STATUS_MASTER (STATUS_ID,STATUS) VALUES (5,'Documentation');
INSERT INTO STATUS_MASTER (STATUS_ID,STATUS) VALUES (6,'Review');
INSERT INTO STATUS_MASTER (STATUS_ID,STATUS) VALUES (7,'Training');
INSERT INTO STATUS_MASTER (STATUS_ID,STATUS) VALUES (8,'Evaluation');
INSERT INTO STATUS_MASTER (STATUS_ID,STATUS) VALUES (9,'Investigation');
INSERT INTO STATUS_MASTER (STATUS_ID,STATUS) VALUES (10,'Confirmed');
INSERT INTO STATUS_MASTER (STATUS_ID,STATUS) VALUES (11,'QA-BTC');
INSERT INTO STATUS_MASTER (STATUS_ID,STATUS) VALUES (12,'Development');
INSERT INTO STATUS_MASTER (STATUS_ID,STATUS) VALUES (13,'Workinprogress');
INSERT INTO STATUS_MASTER (STATUS_ID,STATUS) VALUES (14,'Code Review');
INSERT INTO STATUS_MASTER (STATUS_ID,STATUS) VALUES (15,'ReadytoBuild');
INSERT INTO STATUS_MASTER (STATUS_ID,STATUS) VALUES (16,'QA-TCE');
INSERT INTO STATUS_MASTER (STATUS_ID,STATUS) VALUES (17,'Performance Testing');
INSERT INTO STATUS_MASTER (STATUS_ID,STATUS) VALUES (18,'Verified');
INSERT INTO STATUS_MASTER (STATUS_ID,STATUS) VALUES (19,'Closed');

INSERT INTO STATUS_SUB (STATUS_ID,STATUS) VALUES (1,2);
INSERT INTO STATUS_SUB (STATUS_ID,STATUS) VALUES (1,3);
INSERT INTO STATUS_SUB (STATUS_ID,STATUS) VALUES (1,4);
INSERT INTO STATUS_SUB (STATUS_ID,STATUS) VALUES (1,5);
INSERT INTO STATUS_SUB (STATUS_ID,STATUS) VALUES (1,7);
INSERT INTO STATUS_SUB (STATUS_ID,STATUS) VALUES (1,9);
INSERT INTO STATUS_SUB (STATUS_ID,STATUS) VALUES (1,10);

INSERT INTO STATUS_SUB (STATUS_ID,STATUS) VALUES (2,9);
INSERT INTO STATUS_SUB (STATUS_ID,STATUS) VALUES (2,19);

INSERT INTO STATUS_SUB (STATUS_ID,STATUS) VALUES (3,9);
INSERT INTO STATUS_SUB (STATUS_ID,STATUS) VALUES (3,19);

INSERT INTO STATUS_SUB (STATUS_ID,STATUS) VALUES (4,9);
INSERT INTO STATUS_SUB (STATUS_ID,STATUS) VALUES (4,19);

INSERT INTO STATUS_SUB (STATUS_ID,STATUS) VALUES (5,6);
INSERT INTO STATUS_SUB (STATUS_ID,STATUS) VALUES (5,9);

INSERT INTO STATUS_SUB (STATUS_ID,STATUS) VALUES (6,9);
INSERT INTO STATUS_SUB (STATUS_ID,STATUS) VALUES (6,18);

INSERT INTO STATUS_SUB (STATUS_ID,STATUS) VALUES (7,8);
INSERT INTO STATUS_SUB (STATUS_ID,STATUS) VALUES (7,9);

INSERT INTO STATUS_SUB (STATUS_ID,STATUS) VALUES (8,9);
INSERT INTO STATUS_SUB (STATUS_ID,STATUS) VALUES (8,7);
INSERT INTO STATUS_SUB (STATUS_ID,STATUS) VALUES (8,18);

INSERT INTO STATUS_SUB (STATUS_ID,STATUS) VALUES (9,2);
INSERT INTO STATUS_SUB (STATUS_ID,STATUS) VALUES (9,3);
INSERT INTO STATUS_SUB (STATUS_ID,STATUS) VALUES (9,4);
INSERT INTO STATUS_SUB (STATUS_ID,STATUS) VALUES (9,5);
INSERT INTO STATUS_SUB (STATUS_ID,STATUS) VALUES (9,7);
INSERT INTO STATUS_SUB (STATUS_ID,STATUS) VALUES (9,10);

INSERT INTO STATUS_SUB (STATUS_ID,STATUS) VALUES (10,11);

INSERT INTO STATUS_SUB (STATUS_ID,STATUS) VALUES (11,9);
INSERT INTO STATUS_SUB (STATUS_ID,STATUS) VALUES (11,12);

INSERT INTO STATUS_SUB (STATUS_ID,STATUS) VALUES (12,9);
INSERT INTO STATUS_SUB (STATUS_ID,STATUS) VALUES (12,13);

INSERT INTO STATUS_SUB (STATUS_ID,STATUS) VALUES (13,14);

INSERT INTO STATUS_SUB (STATUS_ID,STATUS) VALUES (14,15);
INSERT INTO STATUS_SUB (STATUS_ID,STATUS) VALUES (14,12);

INSERT INTO STATUS_SUB (STATUS_ID,STATUS) VALUES (15,16);

INSERT INTO STATUS_SUB (STATUS_ID,STATUS) VALUES (16,17);
INSERT INTO STATUS_SUB (STATUS_ID,STATUS) VALUES (16,18);
INSERT INTO STATUS_SUB (STATUS_ID,STATUS) VALUES (16,11);
INSERT INTO STATUS_SUB (STATUS_ID,STATUS) VALUES (16,12);

INSERT INTO STATUS_SUB (STATUS_ID,STATUS) VALUES (17,18);
INSERT INTO STATUS_SUB (STATUS_ID,STATUS) VALUES (17,12);

INSERT INTO STATUS_SUB (STATUS_ID,STATUS) VALUES (18,19);
INSERT INTO STATUS_SUB (STATUS_ID,STATUS) VALUES (18,12);

INSERT INTO STATUS_SUB (STATUS_ID,STATUS) VALUES (19,9);

DELETE FROM SAP_IMPLEM_STATUS_SUB;
DELETE FROM SAP_IMPLEM_STATUS_MASTER;
INSERT INTO SAP_IMPLEM_STATUS_MASTER (STATUS_ID,STATUS) VALUES (1,'Unconfirmed');
INSERT INTO SAP_IMPLEM_STATUS_MASTER (STATUS_ID,STATUS) VALUES (2,'Rejected');
INSERT INTO SAP_IMPLEM_STATUS_MASTER (STATUS_ID,STATUS) VALUES (3,'Duplicate');
INSERT INTO SAP_IMPLEM_STATUS_MASTER (STATUS_ID,STATUS) VALUES (4,'User Error');
INSERT INTO SAP_IMPLEM_STATUS_MASTER (STATUS_ID,STATUS) VALUES (5,'Documentation');
INSERT INTO SAP_IMPLEM_STATUS_MASTER (STATUS_ID,STATUS) VALUES (6,'Review');
INSERT INTO SAP_IMPLEM_STATUS_MASTER (STATUS_ID,STATUS) VALUES (7,'Training');
INSERT INTO SAP_IMPLEM_STATUS_MASTER (STATUS_ID,STATUS) VALUES (8,'Evaluation');
INSERT INTO SAP_IMPLEM_STATUS_MASTER (STATUS_ID,STATUS) VALUES (9,'Investigation');
INSERT INTO SAP_IMPLEM_STATUS_MASTER (STATUS_ID,STATUS) VALUES (10,'Confirmed');
INSERT INTO SAP_IMPLEM_STATUS_MASTER (STATUS_ID,STATUS) VALUES (11,'QA-BTC');
INSERT INTO SAP_IMPLEM_STATUS_MASTER (STATUS_ID,STATUS) VALUES (12,'Detail Design');
INSERT INTO SAP_IMPLEM_STATUS_MASTER (STATUS_ID,STATUS) VALUES (13,'Customizing Request');
INSERT INTO SAP_IMPLEM_STATUS_MASTER (STATUS_ID,STATUS) VALUES (14,'Workbench Request');
INSERT INTO SAP_IMPLEM_STATUS_MASTER (STATUS_ID,STATUS) VALUES (15,'Solution Review');
INSERT INTO SAP_IMPLEM_STATUS_MASTER (STATUS_ID,STATUS) VALUES (16,'Transport to TS');
INSERT INTO SAP_IMPLEM_STATUS_MASTER (STATUS_ID,STATUS) VALUES (17,'QA-TCE');
INSERT INTO SAP_IMPLEM_STATUS_MASTER (STATUS_ID,STATUS) VALUES (18,'Transport to PS');
INSERT INTO SAP_IMPLEM_STATUS_MASTER (STATUS_ID,STATUS) VALUES (19,'Verified');
INSERT INTO SAP_IMPLEM_STATUS_MASTER (STATUS_ID,STATUS) VALUES (20,'Closed');

INSERT INTO SAP_IMPLEM_STATUS_SUB (STATUS_ID,STATUS) VALUES (1,2);
INSERT INTO SAP_IMPLEM_STATUS_SUB (STATUS_ID,STATUS) VALUES (1,3);
INSERT INTO SAP_IMPLEM_STATUS_SUB (STATUS_ID,STATUS) VALUES (1,4);
INSERT INTO SAP_IMPLEM_STATUS_SUB (STATUS_ID,STATUS) VALUES (1,5);
INSERT INTO SAP_IMPLEM_STATUS_SUB (STATUS_ID,STATUS) VALUES (1,7);
INSERT INTO SAP_IMPLEM_STATUS_SUB (STATUS_ID,STATUS) VALUES (1,9);
INSERT INTO SAP_IMPLEM_STATUS_SUB (STATUS_ID,STATUS) VALUES (1,10);

INSERT INTO SAP_IMPLEM_STATUS_SUB (STATUS_ID,STATUS) VALUES (2,9);
INSERT INTO SAP_IMPLEM_STATUS_SUB (STATUS_ID,STATUS) VALUES (2,18);

INSERT INTO SAP_IMPLEM_STATUS_SUB (STATUS_ID,STATUS) VALUES (3,9);
INSERT INTO SAP_IMPLEM_STATUS_SUB (STATUS_ID,STATUS) VALUES (3,18);

INSERT INTO SAP_IMPLEM_STATUS_SUB (STATUS_ID,STATUS) VALUES (4,9);
INSERT INTO SAP_IMPLEM_STATUS_SUB (STATUS_ID,STATUS) VALUES (4,18);

INSERT INTO SAP_IMPLEM_STATUS_SUB (STATUS_ID,STATUS) VALUES (5,6);
INSERT INTO SAP_IMPLEM_STATUS_SUB (STATUS_ID,STATUS) VALUES (5,9);

INSERT INTO SAP_IMPLEM_STATUS_SUB (STATUS_ID,STATUS) VALUES (6,9);
INSERT INTO SAP_IMPLEM_STATUS_SUB (STATUS_ID,STATUS) VALUES (6,18);

INSERT INTO SAP_IMPLEM_STATUS_SUB (STATUS_ID,STATUS) VALUES (7,8);
INSERT INTO SAP_IMPLEM_STATUS_SUB (STATUS_ID,STATUS) VALUES (7,9);

INSERT INTO SAP_IMPLEM_STATUS_SUB (STATUS_ID,STATUS) VALUES (8,9);
INSERT INTO SAP_IMPLEM_STATUS_SUB (STATUS_ID,STATUS) VALUES (8,7);
INSERT INTO SAP_IMPLEM_STATUS_SUB (STATUS_ID,STATUS) VALUES (8,18);

INSERT INTO SAP_IMPLEM_STATUS_SUB (STATUS_ID,STATUS) VALUES (9,2);
INSERT INTO SAP_IMPLEM_STATUS_SUB (STATUS_ID,STATUS) VALUES (9,3);
INSERT INTO SAP_IMPLEM_STATUS_SUB (STATUS_ID,STATUS) VALUES (9,4);
INSERT INTO SAP_IMPLEM_STATUS_SUB (STATUS_ID,STATUS) VALUES (9,5);
INSERT INTO SAP_IMPLEM_STATUS_SUB (STATUS_ID,STATUS) VALUES (9,7);
INSERT INTO SAP_IMPLEM_STATUS_SUB (STATUS_ID,STATUS) VALUES (9,10);

INSERT INTO SAP_IMPLEM_STATUS_SUB (STATUS_ID,STATUS) VALUES (10,11);

INSERT INTO SAP_IMPLEM_STATUS_SUB (STATUS_ID,STATUS) VALUES (11,12);

INSERT INTO SAP_IMPLEM_STATUS_SUB (STATUS_ID,STATUS) VALUES (12,13);
INSERT INTO SAP_IMPLEM_STATUS_SUB (STATUS_ID,STATUS) VALUES (12,14);

INSERT INTO SAP_IMPLEM_STATUS_SUB (STATUS_ID,STATUS) VALUES (13,14);
INSERT INTO SAP_IMPLEM_STATUS_SUB (STATUS_ID,STATUS) VALUES (13,15);

INSERT INTO SAP_IMPLEM_STATUS_SUB (STATUS_ID,STATUS) VALUES (14,15);

INSERT INTO SAP_IMPLEM_STATUS_SUB (STATUS_ID,STATUS) VALUES (15,16);
INSERT INTO SAP_IMPLEM_STATUS_SUB (STATUS_ID,STATUS) VALUES (15,13);
INSERT INTO SAP_IMPLEM_STATUS_SUB (STATUS_ID,STATUS) VALUES (15,14);

INSERT INTO SAP_IMPLEM_STATUS_SUB (STATUS_ID,STATUS) VALUES (16,17);

INSERT INTO SAP_IMPLEM_STATUS_SUB (STATUS_ID,STATUS) VALUES (17,18);
INSERT INTO SAP_IMPLEM_STATUS_SUB (STATUS_ID,STATUS) VALUES (17,11);
INSERT INTO SAP_IMPLEM_STATUS_SUB (STATUS_ID,STATUS) VALUES (17,13);
INSERT INTO SAP_IMPLEM_STATUS_SUB (STATUS_ID,STATUS) VALUES (17,14);

INSERT INTO SAP_IMPLEM_STATUS_SUB (STATUS_ID,STATUS) VALUES (18,19);

INSERT INTO SAP_IMPLEM_STATUS_SUB (STATUS_ID,STATUS) VALUES (19,20);
INSERT INTO SAP_IMPLEM_STATUS_SUB (STATUS_ID,STATUS) VALUES (19,9);

INSERT INTO SAP_IMPLEM_STATUS_SUB (STATUS_ID,STATUS) VALUES (20,9);

DELETE FROM SAP_UPGRADE_STATUS_SUB;
DELETE FROM SAP_UPGRADE_STATUS_MASTER;
INSERT INTO SAP_UPGRADE_STATUS_MASTER (STATUS_ID,STATUS) VALUES (1,'Unconfirmed');
INSERT INTO SAP_UPGRADE_STATUS_MASTER (STATUS_ID,STATUS) VALUES (2,'Rejected');
INSERT INTO SAP_UPGRADE_STATUS_MASTER (STATUS_ID,STATUS) VALUES (3,'Duplicate');
INSERT INTO SAP_UPGRADE_STATUS_MASTER (STATUS_ID,STATUS) VALUES (4,'User Error');
INSERT INTO SAP_UPGRADE_STATUS_MASTER (STATUS_ID,STATUS) VALUES (5,'Documentation');
INSERT INTO SAP_UPGRADE_STATUS_MASTER (STATUS_ID,STATUS) VALUES (6,'Review');
INSERT INTO SAP_UPGRADE_STATUS_MASTER (STATUS_ID,STATUS) VALUES (7,'Training');
INSERT INTO SAP_UPGRADE_STATUS_MASTER (STATUS_ID,STATUS) VALUES (8,'Evaluation');
INSERT INTO SAP_UPGRADE_STATUS_MASTER (STATUS_ID,STATUS) VALUES (9,'Investigation');
INSERT INTO SAP_UPGRADE_STATUS_MASTER (STATUS_ID,STATUS) VALUES (10,'Confirmed');
INSERT INTO SAP_UPGRADE_STATUS_MASTER (STATUS_ID,STATUS) VALUES (11,'QA-BTC');
INSERT INTO SAP_UPGRADE_STATUS_MASTER (STATUS_ID,STATUS) VALUES (12,'Detail Design');
INSERT INTO SAP_UPGRADE_STATUS_MASTER (STATUS_ID,STATUS) VALUES (13,'Customizing Request');
INSERT INTO SAP_UPGRADE_STATUS_MASTER (STATUS_ID,STATUS) VALUES (14,'Workbench Request');
INSERT INTO SAP_UPGRADE_STATUS_MASTER (STATUS_ID,STATUS) VALUES (15,'Solution Review');
INSERT INTO SAP_UPGRADE_STATUS_MASTER (STATUS_ID,STATUS) VALUES (16,'Transport to TS');
INSERT INTO SAP_UPGRADE_STATUS_MASTER (STATUS_ID,STATUS) VALUES (17,'QA-TCE');
INSERT INTO SAP_UPGRADE_STATUS_MASTER (STATUS_ID,STATUS) VALUES (18,'Transport to PS');
INSERT INTO SAP_UPGRADE_STATUS_MASTER (STATUS_ID,STATUS) VALUES (19,'Verified');
INSERT INTO SAP_UPGRADE_STATUS_MASTER (STATUS_ID,STATUS) VALUES (20,'Closed');

INSERT INTO SAP_UPGRADE_STATUS_SUB (STATUS_ID,STATUS) VALUES (1,2);
INSERT INTO SAP_UPGRADE_STATUS_SUB (STATUS_ID,STATUS) VALUES (1,3);
INSERT INTO SAP_UPGRADE_STATUS_SUB (STATUS_ID,STATUS) VALUES (1,4);
INSERT INTO SAP_UPGRADE_STATUS_SUB (STATUS_ID,STATUS) VALUES (1,5);
INSERT INTO SAP_UPGRADE_STATUS_SUB (STATUS_ID,STATUS) VALUES (1,7);
INSERT INTO SAP_UPGRADE_STATUS_SUB (STATUS_ID,STATUS) VALUES (1,9);
INSERT INTO SAP_UPGRADE_STATUS_SUB (STATUS_ID,STATUS) VALUES (1,10);

INSERT INTO SAP_UPGRADE_STATUS_SUB (STATUS_ID,STATUS) VALUES (2,9);
INSERT INTO SAP_UPGRADE_STATUS_SUB (STATUS_ID,STATUS) VALUES (2,18);

INSERT INTO SAP_UPGRADE_STATUS_SUB (STATUS_ID,STATUS) VALUES (3,9);
INSERT INTO SAP_UPGRADE_STATUS_SUB (STATUS_ID,STATUS) VALUES (3,18);

INSERT INTO SAP_UPGRADE_STATUS_SUB (STATUS_ID,STATUS) VALUES (4,9);
INSERT INTO SAP_UPGRADE_STATUS_SUB (STATUS_ID,STATUS) VALUES (4,18);

INSERT INTO SAP_UPGRADE_STATUS_SUB (STATUS_ID,STATUS) VALUES (5,6);
INSERT INTO SAP_UPGRADE_STATUS_SUB (STATUS_ID,STATUS) VALUES (5,9);

INSERT INTO SAP_UPGRADE_STATUS_SUB (STATUS_ID,STATUS) VALUES (6,9);
INSERT INTO SAP_UPGRADE_STATUS_SUB (STATUS_ID,STATUS) VALUES (6,18);

INSERT INTO SAP_UPGRADE_STATUS_SUB (STATUS_ID,STATUS) VALUES (7,8);
INSERT INTO SAP_UPGRADE_STATUS_SUB (STATUS_ID,STATUS) VALUES (7,9);

INSERT INTO SAP_UPGRADE_STATUS_SUB (STATUS_ID,STATUS) VALUES (8,9);
INSERT INTO SAP_UPGRADE_STATUS_SUB (STATUS_ID,STATUS) VALUES (8,7);
INSERT INTO SAP_UPGRADE_STATUS_SUB (STATUS_ID,STATUS) VALUES (8,18);

INSERT INTO SAP_UPGRADE_STATUS_SUB (STATUS_ID,STATUS) VALUES (9,2);
INSERT INTO SAP_UPGRADE_STATUS_SUB (STATUS_ID,STATUS) VALUES (9,3);
INSERT INTO SAP_UPGRADE_STATUS_SUB (STATUS_ID,STATUS) VALUES (9,4);
INSERT INTO SAP_UPGRADE_STATUS_SUB (STATUS_ID,STATUS) VALUES (9,5);
INSERT INTO SAP_UPGRADE_STATUS_SUB (STATUS_ID,STATUS) VALUES (9,7);
INSERT INTO SAP_UPGRADE_STATUS_SUB (STATUS_ID,STATUS) VALUES (9,10);

INSERT INTO SAP_UPGRADE_STATUS_SUB (STATUS_ID,STATUS) VALUES (10,11);

INSERT INTO SAP_UPGRADE_STATUS_SUB (STATUS_ID,STATUS) VALUES (11,12);

INSERT INTO SAP_UPGRADE_STATUS_SUB (STATUS_ID,STATUS) VALUES (12,13);
INSERT INTO SAP_UPGRADE_STATUS_SUB (STATUS_ID,STATUS) VALUES (12,14);

INSERT INTO SAP_UPGRADE_STATUS_SUB (STATUS_ID,STATUS) VALUES (13,14);
INSERT INTO SAP_UPGRADE_STATUS_SUB (STATUS_ID,STATUS) VALUES (13,15);

INSERT INTO SAP_UPGRADE_STATUS_SUB (STATUS_ID,STATUS) VALUES (14,15);

INSERT INTO SAP_UPGRADE_STATUS_SUB (STATUS_ID,STATUS) VALUES (15,16);
INSERT INTO SAP_UPGRADE_STATUS_SUB (STATUS_ID,STATUS) VALUES (15,13);
INSERT INTO SAP_UPGRADE_STATUS_SUB (STATUS_ID,STATUS) VALUES (15,14);

INSERT INTO SAP_UPGRADE_STATUS_SUB (STATUS_ID,STATUS) VALUES (16,17);

INSERT INTO SAP_UPGRADE_STATUS_SUB (STATUS_ID,STATUS) VALUES (17,18);
INSERT INTO SAP_UPGRADE_STATUS_SUB (STATUS_ID,STATUS) VALUES (17,11);
INSERT INTO SAP_UPGRADE_STATUS_SUB (STATUS_ID,STATUS) VALUES (17,13);
INSERT INTO SAP_UPGRADE_STATUS_SUB (STATUS_ID,STATUS) VALUES (17,14);

INSERT INTO SAP_UPGRADE_STATUS_SUB (STATUS_ID,STATUS) VALUES (18,19);

INSERT INTO SAP_UPGRADE_STATUS_SUB (STATUS_ID,STATUS) VALUES (19,20);
INSERT INTO SAP_UPGRADE_STATUS_SUB (STATUS_ID,STATUS) VALUES (19,9);

INSERT INTO SAP_UPGRADE_STATUS_SUB (STATUS_ID,STATUS) VALUES (20,9);


DELETE FROM SAP_SUPPORT_STATUS_SUB;
DELETE FROM SAP_SUPPORT_STATUS_MASTER;
INSERT INTO SAP_SUPPORT_STATUS_MASTER (STATUS_ID,STATUS) VALUES (1,'Unconfirmed');
INSERT INTO SAP_SUPPORT_STATUS_MASTER (STATUS_ID,STATUS) VALUES (2,'Rejected');
INSERT INTO SAP_SUPPORT_STATUS_MASTER (STATUS_ID,STATUS) VALUES (3,'Duplicate');
INSERT INTO SAP_SUPPORT_STATUS_MASTER (STATUS_ID,STATUS) VALUES (4,'User Error');
INSERT INTO SAP_SUPPORT_STATUS_MASTER (STATUS_ID,STATUS) VALUES (5,'Documentation');
INSERT INTO SAP_SUPPORT_STATUS_MASTER (STATUS_ID,STATUS) VALUES (6,'Review');
INSERT INTO SAP_SUPPORT_STATUS_MASTER (STATUS_ID,STATUS) VALUES (7,'Training');
INSERT INTO SAP_SUPPORT_STATUS_MASTER (STATUS_ID,STATUS) VALUES (8,'Evaluation');
INSERT INTO SAP_SUPPORT_STATUS_MASTER (STATUS_ID,STATUS) VALUES (9,'Investigation');
INSERT INTO SAP_SUPPORT_STATUS_MASTER (STATUS_ID,STATUS) VALUES (10,'Confirmed');
INSERT INTO SAP_SUPPORT_STATUS_MASTER (STATUS_ID,STATUS) VALUES (11,'QA-BTC');
INSERT INTO SAP_SUPPORT_STATUS_MASTER (STATUS_ID,STATUS) VALUES (12,'Replicating in DS');
INSERT INTO SAP_SUPPORT_STATUS_MASTER (STATUS_ID,STATUS) VALUES (13,'Customizing Request');
INSERT INTO SAP_SUPPORT_STATUS_MASTER (STATUS_ID,STATUS) VALUES (14,'Workbench Request');
INSERT INTO SAP_SUPPORT_STATUS_MASTER (STATUS_ID,STATUS) VALUES (15,'Solution Review');
INSERT INTO SAP_SUPPORT_STATUS_MASTER (STATUS_ID,STATUS) VALUES (16,'Transport to TS');
INSERT INTO SAP_SUPPORT_STATUS_MASTER (STATUS_ID,STATUS) VALUES (17,'QA-TCE');
INSERT INTO SAP_SUPPORT_STATUS_MASTER (STATUS_ID,STATUS) VALUES (18,'Transport to PS');
INSERT INTO SAP_SUPPORT_STATUS_MASTER (STATUS_ID,STATUS) VALUES (19,'Verified');
INSERT INTO SAP_SUPPORT_STATUS_MASTER (STATUS_ID,STATUS) VALUES (20,'Closed');

INSERT INTO SAP_SUPPORT_STATUS_SUB (STATUS_ID,STATUS) VALUES (1,2);
INSERT INTO SAP_SUPPORT_STATUS_SUB (STATUS_ID,STATUS) VALUES (1,3);
INSERT INTO SAP_SUPPORT_STATUS_SUB (STATUS_ID,STATUS) VALUES (1,4);
INSERT INTO SAP_SUPPORT_STATUS_SUB (STATUS_ID,STATUS) VALUES (1,5);
INSERT INTO SAP_SUPPORT_STATUS_SUB (STATUS_ID,STATUS) VALUES (1,7);
INSERT INTO SAP_SUPPORT_STATUS_SUB (STATUS_ID,STATUS) VALUES (1,9);
INSERT INTO SAP_SUPPORT_STATUS_SUB (STATUS_ID,STATUS) VALUES (1,10);

INSERT INTO SAP_SUPPORT_STATUS_SUB (STATUS_ID,STATUS) VALUES (2,9);
INSERT INTO SAP_SUPPORT_STATUS_SUB (STATUS_ID,STATUS) VALUES (2,18);

INSERT INTO SAP_SUPPORT_STATUS_SUB (STATUS_ID,STATUS) VALUES (3,9);
INSERT INTO SAP_SUPPORT_STATUS_SUB (STATUS_ID,STATUS) VALUES (3,18);

INSERT INTO SAP_SUPPORT_STATUS_SUB (STATUS_ID,STATUS) VALUES (4,9);
INSERT INTO SAP_SUPPORT_STATUS_SUB (STATUS_ID,STATUS) VALUES (4,18);

INSERT INTO SAP_SUPPORT_STATUS_SUB (STATUS_ID,STATUS) VALUES (5,6);
INSERT INTO SAP_SUPPORT_STATUS_SUB (STATUS_ID,STATUS) VALUES (5,9);

INSERT INTO SAP_SUPPORT_STATUS_SUB (STATUS_ID,STATUS) VALUES (6,9);
INSERT INTO SAP_SUPPORT_STATUS_SUB (STATUS_ID,STATUS) VALUES (6,18);

INSERT INTO SAP_SUPPORT_STATUS_SUB (STATUS_ID,STATUS) VALUES (7,8);
INSERT INTO SAP_SUPPORT_STATUS_SUB (STATUS_ID,STATUS) VALUES (7,9);

INSERT INTO SAP_SUPPORT_STATUS_SUB (STATUS_ID,STATUS) VALUES (8,9);
INSERT INTO SAP_SUPPORT_STATUS_SUB (STATUS_ID,STATUS) VALUES (8,7);
INSERT INTO SAP_SUPPORT_STATUS_SUB (STATUS_ID,STATUS) VALUES (8,18);

INSERT INTO SAP_SUPPORT_STATUS_SUB (STATUS_ID,STATUS) VALUES (9,2);
INSERT INTO SAP_SUPPORT_STATUS_SUB (STATUS_ID,STATUS) VALUES (9,3);
INSERT INTO SAP_SUPPORT_STATUS_SUB (STATUS_ID,STATUS) VALUES (9,4);
INSERT INTO SAP_SUPPORT_STATUS_SUB (STATUS_ID,STATUS) VALUES (9,5);
INSERT INTO SAP_SUPPORT_STATUS_SUB (STATUS_ID,STATUS) VALUES (9,7);
INSERT INTO SAP_SUPPORT_STATUS_SUB (STATUS_ID,STATUS) VALUES (9,10);

INSERT INTO SAP_SUPPORT_STATUS_SUB (STATUS_ID,STATUS) VALUES (10,11);

INSERT INTO SAP_SUPPORT_STATUS_SUB (STATUS_ID,STATUS) VALUES (11,12);

INSERT INTO SAP_SUPPORT_STATUS_SUB (STATUS_ID,STATUS) VALUES (12,13);
INSERT INTO SAP_SUPPORT_STATUS_SUB (STATUS_ID,STATUS) VALUES (12,14);

INSERT INTO SAP_SUPPORT_STATUS_SUB (STATUS_ID,STATUS) VALUES (13,14);
INSERT INTO SAP_SUPPORT_STATUS_SUB (STATUS_ID,STATUS) VALUES (13,15);

INSERT INTO SAP_SUPPORT_STATUS_SUB (STATUS_ID,STATUS) VALUES (14,15);

INSERT INTO SAP_SUPPORT_STATUS_SUB (STATUS_ID,STATUS) VALUES (15,16);
INSERT INTO SAP_SUPPORT_STATUS_SUB (STATUS_ID,STATUS) VALUES (15,13);
INSERT INTO SAP_SUPPORT_STATUS_SUB (STATUS_ID,STATUS) VALUES (15,14);

INSERT INTO SAP_SUPPORT_STATUS_SUB (STATUS_ID,STATUS) VALUES (16,17);

INSERT INTO SAP_SUPPORT_STATUS_SUB (STATUS_ID,STATUS) VALUES (17,18);
INSERT INTO SAP_SUPPORT_STATUS_SUB (STATUS_ID,STATUS) VALUES (17,11);
INSERT INTO SAP_SUPPORT_STATUS_SUB (STATUS_ID,STATUS) VALUES (17,13);
INSERT INTO SAP_SUPPORT_STATUS_SUB (STATUS_ID,STATUS) VALUES (17,14);

INSERT INTO SAP_SUPPORT_STATUS_SUB (STATUS_ID,STATUS) VALUES (18,19);

INSERT INTO SAP_SUPPORT_STATUS_SUB (STATUS_ID,STATUS) VALUES (19,20);
INSERT INTO SAP_SUPPORT_STATUS_SUB (STATUS_ID,STATUS) VALUES (19,9);

INSERT INTO SAP_SUPPORT_STATUS_SUB (STATUS_ID,STATUS) VALUES (20,9);


DELETE FROM SAP_NONSAP_STATUS_LIST;
INSERT INTO SAP_NONSAP_STATUS_LIST (STATUS_ID,STATUS) VALUES (1,'Unconfirmed');
INSERT INTO SAP_NONSAP_STATUS_LIST (STATUS_ID,STATUS) VALUES (2,'Rejected');
INSERT INTO SAP_NONSAP_STATUS_LIST (STATUS_ID,STATUS) VALUES (3,'Duplicate');
INSERT INTO SAP_NONSAP_STATUS_LIST (STATUS_ID,STATUS) VALUES (4,'User Error');
INSERT INTO SAP_NONSAP_STATUS_LIST (STATUS_ID,STATUS) VALUES (5,'Documentation');
INSERT INTO SAP_NONSAP_STATUS_LIST (STATUS_ID,STATUS) VALUES (6,'Review');
INSERT INTO SAP_NONSAP_STATUS_LIST (STATUS_ID,STATUS) VALUES (7,'Training');
INSERT INTO SAP_NONSAP_STATUS_LIST (STATUS_ID,STATUS) VALUES (8,'Evaluation');
INSERT INTO SAP_NONSAP_STATUS_LIST (STATUS_ID,STATUS) VALUES (9,'Investigation');
INSERT INTO SAP_NONSAP_STATUS_LIST (STATUS_ID,STATUS) VALUES (10,'Confirmed');
INSERT INTO SAP_NONSAP_STATUS_LIST (STATUS_ID,STATUS) VALUES (11,'QA-BTC');
INSERT INTO SAP_NONSAP_STATUS_LIST (STATUS_ID,STATUS) VALUES (12,'Development');
INSERT INTO SAP_NONSAP_STATUS_LIST (STATUS_ID,STATUS) VALUES (13,'Detail Design');
INSERT INTO SAP_NONSAP_STATUS_LIST (STATUS_ID,STATUS) VALUES (14,'Replicating in DS');
INSERT INTO SAP_NONSAP_STATUS_LIST (STATUS_ID,STATUS) VALUES (15,'Workinprogress');
INSERT INTO SAP_NONSAP_STATUS_LIST (STATUS_ID,STATUS) VALUES (16,'Customizing Req');
INSERT INTO SAP_NONSAP_STATUS_LIST (STATUS_ID,STATUS) VALUES (17,'Workbench Request');
INSERT INTO SAP_NONSAP_STATUS_LIST (STATUS_ID,STATUS) VALUES (18,'Code Review');
INSERT INTO SAP_NONSAP_STATUS_LIST (STATUS_ID,STATUS) VALUES (19,'Solution Review');
INSERT INTO SAP_NONSAP_STATUS_LIST (STATUS_ID,STATUS) VALUES (20,'ReadytoBuild');
INSERT INTO SAP_NONSAP_STATUS_LIST (STATUS_ID,STATUS) VALUES (21,'Transport to TS');
INSERT INTO SAP_NONSAP_STATUS_LIST (STATUS_ID,STATUS) VALUES (22,'QA-TCE');
INSERT INTO SAP_NONSAP_STATUS_LIST (STATUS_ID,STATUS) VALUES (23,'Performance QA');
INSERT INTO SAP_NONSAP_STATUS_LIST (STATUS_ID,STATUS) VALUES (24,'Transport to PS');
INSERT INTO SAP_NONSAP_STATUS_LIST (STATUS_ID,STATUS) VALUES (25,'Verified');
INSERT INTO SAP_NONSAP_STATUS_LIST (STATUS_ID,STATUS) VALUES (26,'Closed');
