DELETE FROM STATUS_MASTER;
DELETE FROM STATUS_SUB;
INSERT INTO STATUS_MASTER (STATUS_ID,STATUS) VALUES (1,'Unconfirmed');
INSERT INTO STATUS_MASTER (STATUS_ID,STATUS) VALUES (2,'Rejected');
INSERT INTO STATUS_MASTER (STATUS_ID,STATUS) VALUES (3,'Duplicate');
INSERT INTO STATUS_MASTER (STATUS_ID,STATUS) VALUES (4,'Investigation');
INSERT INTO STATUS_MASTER (STATUS_ID,STATUS) VALUES (5,'Confirmed');
INSERT INTO STATUS_MASTER (STATUS_ID,STATUS) VALUES (6,'QA-BTC');
INSERT INTO STATUS_MASTER (STATUS_ID,STATUS) VALUES (7,'Development');
INSERT INTO STATUS_MASTER (STATUS_ID,STATUS) VALUES (8,'Workinprogress');
INSERT INTO STATUS_MASTER (STATUS_ID,STATUS) VALUES (9,'Code Review');
INSERT INTO STATUS_MASTER (STATUS_ID,STATUS) VALUES (10,'ReadytoBuild');
INSERT INTO STATUS_MASTER (STATUS_ID,STATUS) VALUES (11,'QA-TCE');
INSERT INTO STATUS_MASTER (STATUS_ID,STATUS) VALUES (12,'Performance Testing');
INSERT INTO STATUS_MASTER (STATUS_ID,STATUS) VALUES (13,'Verified');
INSERT INTO STATUS_MASTER (STATUS_ID,STATUS) VALUES (14,'Closed');


INSERT INTO STATUS_SUB (STATUS_ID,STATUS) VALUES (1,2);
INSERT INTO STATUS_SUB (STATUS_ID,STATUS) VALUES (1,3);
INSERT INTO STATUS_SUB (STATUS_ID,STATUS) VALUES (1,4);
INSERT INTO STATUS_SUB (STATUS_ID,STATUS) VALUES (1,5);

INSERT INTO STATUS_SUB (STATUS_ID,STATUS) VALUES (2,14);
INSERT INTO STATUS_SUB (STATUS_ID,STATUS) VALUES (2,4);

INSERT INTO STATUS_SUB (STATUS_ID,STATUS) VALUES (3,4);
INSERT INTO STATUS_SUB (STATUS_ID,STATUS) VALUES (3,14);

INSERT INTO STATUS_SUB (STATUS_ID,STATUS) VALUES (4,2);
INSERT INTO STATUS_SUB (STATUS_ID,STATUS) VALUES (4,3);
INSERT INTO STATUS_SUB (STATUS_ID,STATUS) VALUES (4,5);

INSERT INTO STATUS_SUB (STATUS_ID,STATUS) VALUES (5,6);

INSERT INTO STATUS_SUB (STATUS_ID,STATUS) VALUES (6,4);
INSERT INTO STATUS_SUB (STATUS_ID,STATUS) VALUES (6,7);

INSERT INTO STATUS_SUB (STATUS_ID,STATUS) VALUES (7,4);
INSERT INTO STATUS_SUB (STATUS_ID,STATUS) VALUES (7,8);

INSERT INTO STATUS_SUB (STATUS_ID,STATUS) VALUES (8,9);


INSERT INTO STATUS_SUB (STATUS_ID,STATUS) VALUES (9,10);
INSERT INTO STATUS_SUB (STATUS_ID,STATUS) VALUES (9,7);



INSERT INTO STATUS_SUB (STATUS_ID,STATUS) VALUES (10,11);

INSERT INTO STATUS_SUB (STATUS_ID,STATUS) VALUES (11,6);
INSERT INTO STATUS_SUB (STATUS_ID,STATUS) VALUES (11,7);
INSERT INTO STATUS_SUB (STATUS_ID,STATUS) VALUES (11,13);
INSERT INTO STATUS_SUB (STATUS_ID,STATUS) VALUES (11,12);

INSERT INTO STATUS_SUB (STATUS_ID,STATUS) VALUES (12,7);
INSERT INTO STATUS_SUB (STATUS_ID,STATUS) VALUES (12,13);

INSERT INTO STATUS_SUB (STATUS_ID,STATUS) VALUES (13,4);
INSERT INTO STATUS_SUB (STATUS_ID,STATUS) VALUES (13,14);

INSERT INTO STATUS_SUB (STATUS_ID,STATUS) VALUES (14,4);
commit;

CREATE TABLE TQM_TESTCASESTATUS(STATUSID NUMBER(4),STATUS VARCHAR2(25),CONSTRAINT PK_TCSTATUSID PRIMARY KEY(STATUSID) ENABLE);

INSERT INTO TQM_TESTCASESTATUS (STATUSID,STATUS) VALUES (0,'Yet to Test');
INSERT INTO TQM_TESTCASESTATUS (STATUSID,STATUS) VALUES (1,'Not Applicable');
INSERT INTO TQM_TESTCASESTATUS (STATUSID,STATUS) VALUES (2,'Not Run');
INSERT INTO TQM_TESTCASESTATUS (STATUSID,STATUS) VALUES (3,'Failed');
INSERT INTO TQM_TESTCASESTATUS (STATUSID,STATUS) VALUES (4,'Passed');

CREATE TABLE TQM_PTCM(PTCID VARCHAR2(25),CTCID VARCHAR2(25),PID NUMBER(6,0),MID NUMBER(6,0),FUNCTIONALITY VARCHAR2(1000),DESCRIPTION VARCHAR2(1000),EXPECTEDRESULT VARCHAR2(1000),CREATEDON TIMESTAMP,CREATEDBY NUMBER(6,0),MODIFIEDON TIMESTAMP,CONSTRAINT "PK_PTCID" PRIMARY KEY("PTCID") ENABLE);
CREATE SEQUENCE   "PTCID_SEQ"  INCREMENT BY 1 START WITH 1 NOCACHE  NOCYCLE;



CREATE TABLE TQM_ISSUETESTCASES(ID NUMBER(10,0),PTCID VARCHAR2(25),ISSUEID VARCHAR2(25),STATUSID NUMBER(4),CONSTRAINT "PK_ID" PRIMARY KEY("ID") ENABLE,CONSTRAINT "PK_ITCPTCID" FOREIGN KEY("PTCID") REFERENCES TQM_PTCM("PTCID") ON DELETE CASCADE,CONSTRAINT "FK_TCISSUEID" FOREIGN KEY("ISSUEID") REFERENCES ISSUE("ISSUEID") ON DELETE CASCADE,CONSTRAINT "FK_TCSTATUSID" FOREIGN KEY("STATUSID") REFERENCES TQM_TESTCASESTATUS("STATUSID") ON DELETE CASCADE);
CREATE SEQUENCE   "ID_SEQ"  INCREMENT BY 1 START WITH 1 NOCACHE  NOCYCLE;

CREATE TABLE TQM_ISSUETESTCASERESULT(RESULTID NUMBER(10),PTCID VARCHAR2(25),ISSUEID VARCHAR2(25),STATUSID NUMBER(4),TESTCOMMENTS VARCHAR2(2000),COMMENTEDBY NUMBER(4),COMMENTEDON TIMESTAMP,CONSTRAINT "PK_RESULTID" PRIMARY KEY("RESULTID") ENABLE,CONSTRAINT "FK_TCRPTCID" FOREIGN KEY("PTCID") REFERENCES TQM_PTCM("PTCID") ON DELETE CASCADE,CONSTRAINT "FK_TC_STATUSID" FOREIGN KEY("STATUSID") REFERENCES TQM_TESTCASESTATUS("STATUSID") ON DELETE CASCADE,CONSTRAINT "FK_TC_COMMENTEDBY" FOREIGN KEY("COMMENTEDBY") REFERENCES USERS("USERID") ON DELETE CASCADE);
CREATE SEQUENCE   "ISSUETESTCASERESULTID_SEQ"  INCREMENT BY 1 START WITH 1 NOCACHE  NOCYCLE;


DELETE FROM SAP_IMPLEM_STATUS_SUB;
DELETE FROM SAP_IMPLEM_STATUS_MASTER;
INSERT INTO SAP_IMPLEM_STATUS_MASTER (STATUS_ID,STATUS) VALUES (1,'Unconfirmed');
INSERT INTO SAP_IMPLEM_STATUS_MASTER (STATUS_ID,STATUS) VALUES (2,'Rejected');
INSERT INTO SAP_IMPLEM_STATUS_MASTER (STATUS_ID,STATUS) VALUES (3,'Duplicate');
INSERT INTO SAP_IMPLEM_STATUS_MASTER (STATUS_ID,STATUS) VALUES (4,'Investigation');
INSERT INTO SAP_IMPLEM_STATUS_MASTER (STATUS_ID,STATUS) VALUES (5,'Confirmed');
INSERT INTO SAP_IMPLEM_STATUS_MASTER (STATUS_ID,STATUS) VALUES (6,'QA-BTC');
INSERT INTO SAP_IMPLEM_STATUS_MASTER (STATUS_ID,STATUS) VALUES (7,'Detail Design');
INSERT INTO SAP_IMPLEM_STATUS_MASTER (STATUS_ID,STATUS) VALUES (8,'Customizing Request');
INSERT INTO SAP_IMPLEM_STATUS_MASTER (STATUS_ID,STATUS) VALUES (9,'Workbench Request');
INSERT INTO SAP_IMPLEM_STATUS_MASTER (STATUS_ID,STATUS) VALUES (10,'Solution Review');
INSERT INTO SAP_IMPLEM_STATUS_MASTER (STATUS_ID,STATUS) VALUES (11,'Transport to TS');
INSERT INTO SAP_IMPLEM_STATUS_MASTER (STATUS_ID,STATUS) VALUES (12,'QA-TCE');
INSERT INTO SAP_IMPLEM_STATUS_MASTER (STATUS_ID,STATUS) VALUES (13,'Transport to PS');
INSERT INTO SAP_IMPLEM_STATUS_MASTER (STATUS_ID,STATUS) VALUES (14,'Verified');
INSERT INTO SAP_IMPLEM_STATUS_MASTER (STATUS_ID,STATUS) VALUES (15,'Closed');

INSERT INTO SAP_IMPLEM_STATUS_SUB (STATUS_ID,STATUS) VALUES (1,2);
INSERT INTO SAP_IMPLEM_STATUS_SUB (STATUS_ID,STATUS) VALUES (1,3);
INSERT INTO SAP_IMPLEM_STATUS_SUB (STATUS_ID,STATUS) VALUES (1,4);
INSERT INTO SAP_IMPLEM_STATUS_SUB (STATUS_ID,STATUS) VALUES (1,5);
INSERT INTO SAP_IMPLEM_STATUS_SUB (STATUS_ID,STATUS) VALUES (2,4);
INSERT INTO SAP_IMPLEM_STATUS_SUB (STATUS_ID,STATUS) VALUES (2,15);
INSERT INTO SAP_IMPLEM_STATUS_SUB (STATUS_ID,STATUS) VALUES (3,4);
INSERT INTO SAP_IMPLEM_STATUS_SUB (STATUS_ID,STATUS) VALUES (3,15);
INSERT INTO SAP_IMPLEM_STATUS_SUB (STATUS_ID,STATUS) VALUES (4,2);
INSERT INTO SAP_IMPLEM_STATUS_SUB (STATUS_ID,STATUS) VALUES (4,3);
INSERT INTO SAP_IMPLEM_STATUS_SUB (STATUS_ID,STATUS) VALUES (4,5);
INSERT INTO SAP_IMPLEM_STATUS_SUB (STATUS_ID,STATUS) VALUES (5,6);
INSERT INTO SAP_IMPLEM_STATUS_SUB (STATUS_ID,STATUS) VALUES (6,7);
INSERT INTO SAP_IMPLEM_STATUS_SUB (STATUS_ID,STATUS) VALUES (7,8);
INSERT INTO SAP_IMPLEM_STATUS_SUB (STATUS_ID,STATUS) VALUES (7,9);
INSERT INTO SAP_IMPLEM_STATUS_SUB (STATUS_ID,STATUS) VALUES (8,9);
INSERT INTO SAP_IMPLEM_STATUS_SUB (STATUS_ID,STATUS) VALUES (8,10);
INSERT INTO SAP_IMPLEM_STATUS_SUB (STATUS_ID,STATUS) VALUES (9,10);
INSERT INTO SAP_IMPLEM_STATUS_SUB (STATUS_ID,STATUS) VALUES (10,11);
INSERT INTO SAP_IMPLEM_STATUS_SUB (STATUS_ID,STATUS) VALUES (10,8);
INSERT INTO SAP_IMPLEM_STATUS_SUB (STATUS_ID,STATUS) VALUES (10,9);
INSERT INTO SAP_IMPLEM_STATUS_SUB (STATUS_ID,STATUS) VALUES (11,12);
INSERT INTO SAP_IMPLEM_STATUS_SUB (STATUS_ID,STATUS) VALUES (12,6);
INSERT INTO SAP_IMPLEM_STATUS_SUB (STATUS_ID,STATUS) VALUES (12,8);
INSERT INTO SAP_IMPLEM_STATUS_SUB (STATUS_ID,STATUS) VALUES (12,9);
INSERT INTO SAP_IMPLEM_STATUS_SUB (STATUS_ID,STATUS) VALUES (12,13);
INSERT INTO SAP_IMPLEM_STATUS_SUB (STATUS_ID,STATUS) VALUES (13,14);
INSERT INTO SAP_IMPLEM_STATUS_SUB (STATUS_ID,STATUS) VALUES (14,15);
INSERT INTO SAP_IMPLEM_STATUS_SUB (STATUS_ID,STATUS) VALUES (14,4);
INSERT INTO SAP_IMPLEM_STATUS_SUB (STATUS_ID,STATUS) VALUES (15,4);



DELETE FROM SAP_UPGRADE_STATUS_SUB;
DELETE FROM SAP_UPGRADE_STATUS_MASTER;
INSERT INTO SAP_UPGRADE_STATUS_MASTER (STATUS_ID,STATUS) VALUES (1,'Unconfirmed');
INSERT INTO SAP_UPGRADE_STATUS_MASTER (STATUS_ID,STATUS) VALUES (2,'Rejected');
INSERT INTO SAP_UPGRADE_STATUS_MASTER (STATUS_ID,STATUS) VALUES (3,'Duplicate');
INSERT INTO SAP_UPGRADE_STATUS_MASTER (STATUS_ID,STATUS) VALUES (4,'Investigation');
INSERT INTO SAP_UPGRADE_STATUS_MASTER (STATUS_ID,STATUS) VALUES (5,'Confirmed');
INSERT INTO SAP_UPGRADE_STATUS_MASTER (STATUS_ID,STATUS) VALUES (6,'QA-BTC');
INSERT INTO SAP_UPGRADE_STATUS_MASTER (STATUS_ID,STATUS) VALUES (7,'Detail Design');
INSERT INTO SAP_UPGRADE_STATUS_MASTER (STATUS_ID,STATUS) VALUES (8,'Customizing Request');
INSERT INTO SAP_UPGRADE_STATUS_MASTER (STATUS_ID,STATUS) VALUES (9,'Workbench Request');
INSERT INTO SAP_UPGRADE_STATUS_MASTER (STATUS_ID,STATUS) VALUES (10,'Solution Review');
INSERT INTO SAP_UPGRADE_STATUS_MASTER (STATUS_ID,STATUS) VALUES (11,'Transport to TS');
INSERT INTO SAP_UPGRADE_STATUS_MASTER (STATUS_ID,STATUS) VALUES (12,'QA-TCE');
INSERT INTO SAP_UPGRADE_STATUS_MASTER (STATUS_ID,STATUS) VALUES (13,'Transport to PS');
INSERT INTO SAP_UPGRADE_STATUS_MASTER (STATUS_ID,STATUS) VALUES (14,'Verified');
INSERT INTO SAP_UPGRADE_STATUS_MASTER (STATUS_ID,STATUS) VALUES (15,'Closed');

INSERT INTO SAP_UPGRADE_STATUS_SUB (STATUS_ID,STATUS) VALUES (1,2);
INSERT INTO SAP_UPGRADE_STATUS_SUB (STATUS_ID,STATUS) VALUES (1,3);
INSERT INTO SAP_UPGRADE_STATUS_SUB (STATUS_ID,STATUS) VALUES (1,4);
INSERT INTO SAP_UPGRADE_STATUS_SUB (STATUS_ID,STATUS) VALUES (1,5);
INSERT INTO SAP_UPGRADE_STATUS_SUB (STATUS_ID,STATUS) VALUES (2,4);
INSERT INTO SAP_UPGRADE_STATUS_SUB (STATUS_ID,STATUS) VALUES (2,15);
INSERT INTO SAP_UPGRADE_STATUS_SUB (STATUS_ID,STATUS) VALUES (3,4);
INSERT INTO SAP_UPGRADE_STATUS_SUB (STATUS_ID,STATUS) VALUES (3,15);
INSERT INTO SAP_UPGRADE_STATUS_SUB (STATUS_ID,STATUS) VALUES (4,2);
INSERT INTO SAP_UPGRADE_STATUS_SUB (STATUS_ID,STATUS) VALUES (4,3);
INSERT INTO SAP_UPGRADE_STATUS_SUB (STATUS_ID,STATUS) VALUES (4,5);
INSERT INTO SAP_UPGRADE_STATUS_SUB (STATUS_ID,STATUS) VALUES (5,6);
INSERT INTO SAP_UPGRADE_STATUS_SUB (STATUS_ID,STATUS) VALUES (6,7);
INSERT INTO SAP_UPGRADE_STATUS_SUB (STATUS_ID,STATUS) VALUES (7,8);
INSERT INTO SAP_UPGRADE_STATUS_SUB (STATUS_ID,STATUS) VALUES (7,9);
INSERT INTO SAP_UPGRADE_STATUS_SUB (STATUS_ID,STATUS) VALUES (8,9);
INSERT INTO SAP_UPGRADE_STATUS_SUB (STATUS_ID,STATUS) VALUES (8,10);
INSERT INTO SAP_UPGRADE_STATUS_SUB (STATUS_ID,STATUS) VALUES (9,10);
INSERT INTO SAP_UPGRADE_STATUS_SUB (STATUS_ID,STATUS) VALUES (10,11);
INSERT INTO SAP_UPGRADE_STATUS_SUB (STATUS_ID,STATUS) VALUES (10,8);
INSERT INTO SAP_UPGRADE_STATUS_SUB (STATUS_ID,STATUS) VALUES (10,9);
INSERT INTO SAP_UPGRADE_STATUS_SUB (STATUS_ID,STATUS) VALUES (11,12);
INSERT INTO SAP_UPGRADE_STATUS_SUB (STATUS_ID,STATUS) VALUES (12,6);
INSERT INTO SAP_UPGRADE_STATUS_SUB (STATUS_ID,STATUS) VALUES (12,8);
INSERT INTO SAP_UPGRADE_STATUS_SUB (STATUS_ID,STATUS) VALUES (12,9);
INSERT INTO SAP_UPGRADE_STATUS_SUB (STATUS_ID,STATUS) VALUES (12,13);
INSERT INTO SAP_UPGRADE_STATUS_SUB (STATUS_ID,STATUS) VALUES (13,14);
INSERT INTO SAP_UPGRADE_STATUS_SUB (STATUS_ID,STATUS) VALUES (14,15);
INSERT INTO SAP_UPGRADE_STATUS_SUB (STATUS_ID,STATUS) VALUES (14,4);
INSERT INTO SAP_UPGRADE_STATUS_SUB (STATUS_ID,STATUS) VALUES (15,4);

DELETE FROM SAP_SUPPORT_STATUS_SUB;
DELETE FROM SAP_SUPPORT_STATUS_MASTER;
INSERT INTO SAP_SUPPORT_STATUS_MASTER (STATUS_ID,STATUS) VALUES (1,'Unconfirmed');
INSERT INTO SAP_SUPPORT_STATUS_MASTER (STATUS_ID,STATUS) VALUES (2,'Rejected');
INSERT INTO SAP_SUPPORT_STATUS_MASTER (STATUS_ID,STATUS) VALUES (3,'Duplicate');
INSERT INTO SAP_SUPPORT_STATUS_MASTER (STATUS_ID,STATUS) VALUES (4,'Investigation');
INSERT INTO SAP_SUPPORT_STATUS_MASTER (STATUS_ID,STATUS) VALUES (5,'Confirmed');
INSERT INTO SAP_SUPPORT_STATUS_MASTER (STATUS_ID,STATUS) VALUES (6,'QA-BTC');
INSERT INTO SAP_SUPPORT_STATUS_MASTER (STATUS_ID,STATUS) VALUES (7,'Replicating in DS');
INSERT INTO SAP_SUPPORT_STATUS_MASTER (STATUS_ID,STATUS) VALUES (8,'Customizing Request');
INSERT INTO SAP_SUPPORT_STATUS_MASTER (STATUS_ID,STATUS) VALUES (9,'Workbench Request');
INSERT INTO SAP_SUPPORT_STATUS_MASTER (STATUS_ID,STATUS) VALUES (10,'Solution Review');
INSERT INTO SAP_SUPPORT_STATUS_MASTER (STATUS_ID,STATUS) VALUES (11,'Transport to TS');
INSERT INTO SAP_SUPPORT_STATUS_MASTER (STATUS_ID,STATUS) VALUES (12,'QA-TCE');
INSERT INTO SAP_SUPPORT_STATUS_MASTER (STATUS_ID,STATUS) VALUES (13,'Transport to PS');
INSERT INTO SAP_SUPPORT_STATUS_MASTER (STATUS_ID,STATUS) VALUES (14,'Verified');
INSERT INTO SAP_SUPPORT_STATUS_MASTER (STATUS_ID,STATUS) VALUES (15,'Closed');

INSERT INTO SAP_SUPPORT_STATUS_SUB (STATUS_ID,STATUS) VALUES (1,2);
INSERT INTO SAP_SUPPORT_STATUS_SUB (STATUS_ID,STATUS) VALUES (1,3);
INSERT INTO SAP_SUPPORT_STATUS_SUB (STATUS_ID,STATUS) VALUES (1,4);
INSERT INTO SAP_SUPPORT_STATUS_SUB (STATUS_ID,STATUS) VALUES (1,5);
INSERT INTO SAP_SUPPORT_STATUS_SUB (STATUS_ID,STATUS) VALUES (2,4);
INSERT INTO SAP_SUPPORT_STATUS_SUB (STATUS_ID,STATUS) VALUES (2,15);
INSERT INTO SAP_SUPPORT_STATUS_SUB (STATUS_ID,STATUS) VALUES (3,4);
INSERT INTO SAP_SUPPORT_STATUS_SUB (STATUS_ID,STATUS) VALUES (3,15);
INSERT INTO SAP_SUPPORT_STATUS_SUB (STATUS_ID,STATUS) VALUES (4,2);
INSERT INTO SAP_SUPPORT_STATUS_SUB (STATUS_ID,STATUS) VALUES (4,3);
INSERT INTO SAP_SUPPORT_STATUS_SUB (STATUS_ID,STATUS) VALUES (4,5);
INSERT INTO SAP_SUPPORT_STATUS_SUB (STATUS_ID,STATUS) VALUES (5,6);
INSERT INTO SAP_SUPPORT_STATUS_SUB (STATUS_ID,STATUS) VALUES (6,7);
INSERT INTO SAP_SUPPORT_STATUS_SUB (STATUS_ID,STATUS) VALUES (7,8);
INSERT INTO SAP_SUPPORT_STATUS_SUB (STATUS_ID,STATUS) VALUES (7,9);
INSERT INTO SAP_SUPPORT_STATUS_SUB (STATUS_ID,STATUS) VALUES (8,9);
INSERT INTO SAP_SUPPORT_STATUS_SUB (STATUS_ID,STATUS) VALUES (8,10);
INSERT INTO SAP_SUPPORT_STATUS_SUB (STATUS_ID,STATUS) VALUES (9,10);
INSERT INTO SAP_SUPPORT_STATUS_SUB (STATUS_ID,STATUS) VALUES (10,11);
INSERT INTO SAP_SUPPORT_STATUS_SUB (STATUS_ID,STATUS) VALUES (10,8);
INSERT INTO SAP_SUPPORT_STATUS_SUB (STATUS_ID,STATUS) VALUES (10,9);
INSERT INTO SAP_SUPPORT_STATUS_SUB (STATUS_ID,STATUS) VALUES (11,12);
INSERT INTO SAP_SUPPORT_STATUS_SUB (STATUS_ID,STATUS) VALUES (12,6);
INSERT INTO SAP_SUPPORT_STATUS_SUB (STATUS_ID,STATUS) VALUES (12,8);
INSERT INTO SAP_SUPPORT_STATUS_SUB (STATUS_ID,STATUS) VALUES (12,9);
INSERT INTO SAP_SUPPORT_STATUS_SUB (STATUS_ID,STATUS) VALUES (12,13);
INSERT INTO SAP_SUPPORT_STATUS_SUB (STATUS_ID,STATUS) VALUES (13,14);
INSERT INTO SAP_SUPPORT_STATUS_SUB (STATUS_ID,STATUS) VALUES (14,15);
INSERT INTO SAP_SUPPORT_STATUS_SUB (STATUS_ID,STATUS) VALUES (14,4);
INSERT INTO SAP_SUPPORT_STATUS_SUB (STATUS_ID,STATUS) VALUES (15,4);

DELETE FROM SAP_NONSAP_STATUS_LIST;
INSERT INTO SAP_NONSAP_STATUS_LIST (STATUS_ID,STATUS) VALUES (1,'Unconfirmed');
INSERT INTO SAP_NONSAP_STATUS_LIST (STATUS_ID,STATUS) VALUES (2,'Rejected');
INSERT INTO SAP_NONSAP_STATUS_LIST (STATUS_ID,STATUS) VALUES (3,'Duplicate');
INSERT INTO SAP_NONSAP_STATUS_LIST (STATUS_ID,STATUS) VALUES (4,'Investigation');
INSERT INTO SAP_NONSAP_STATUS_LIST (STATUS_ID,STATUS) VALUES (5,'Confirmed');
INSERT INTO SAP_NONSAP_STATUS_LIST (STATUS_ID,STATUS) VALUES (6,'QA-BTC');
INSERT INTO SAP_NONSAP_STATUS_LIST (STATUS_ID,STATUS) VALUES (7,'Development');
INSERT INTO SAP_NONSAP_STATUS_LIST (STATUS_ID,STATUS) VALUES (8,'Detail Design');
INSERT INTO SAP_NONSAP_STATUS_LIST (STATUS_ID,STATUS) VALUES (9,'Replicating in DS');
INSERT INTO SAP_NONSAP_STATUS_LIST (STATUS_ID,STATUS) VALUES (10,'Workinprogress');
INSERT INTO SAP_NONSAP_STATUS_LIST (STATUS_ID,STATUS) VALUES (11,'Customizing Req');
INSERT INTO SAP_NONSAP_STATUS_LIST (STATUS_ID,STATUS) VALUES (12,'Workbench Request');
INSERT INTO SAP_NONSAP_STATUS_LIST (STATUS_ID,STATUS) VALUES (13,'Code Review');
INSERT INTO SAP_NONSAP_STATUS_LIST (STATUS_ID,STATUS) VALUES (14,'Solution Review');
INSERT INTO SAP_NONSAP_STATUS_LIST (STATUS_ID,STATUS) VALUES (15,'ReadytoBuild');
INSERT INTO SAP_NONSAP_STATUS_LIST (STATUS_ID,STATUS) VALUES (16,'Transport to TS');
INSERT INTO SAP_NONSAP_STATUS_LIST (STATUS_ID,STATUS) VALUES (17,'QA-TCE');
INSERT INTO SAP_NONSAP_STATUS_LIST (STATUS_ID,STATUS) VALUES (18,'Performance QA');
INSERT INTO SAP_NONSAP_STATUS_LIST (STATUS_ID,STATUS) VALUES (19,'Transport to PS');
INSERT INTO SAP_NONSAP_STATUS_LIST (STATUS_ID,STATUS) VALUES (20,'Verified');
INSERT INTO SAP_NONSAP_STATUS_LIST (STATUS_ID,STATUS) VALUES (21,'Closed');

CREATE TABLE TQM_CTCM(
PTCID VARCHAR2(25),
CTCID VARCHAR2(25),
FUNCTIONALITY VARCHAR2(1000),
DESCRIPTION VARCHAR2(1000),
EXPECTEDRESULT VARCHAR2(1000),
CREATEDON TIMESTAMP,
CREATEDBY NUMBER(6,0),
MODIFIEDON TIMESTAMP,
CONSTRAINT "PK_CTCID" PRIMARY KEY("CTCID") ENABLE
);
CREATE SEQUENCE   "CTCID_SEQ"  INCREMENT BY 1 START WITH 1 NOCACHE  NOCYCLE;