CREATE TABLE  "SAP_IMPLEM_STATUS_MASTER" (	"STATUS_ID" NUMBER NOT NULL ENABLE, "STATUS" VARCHAR2(50) NOT NULL ENABLE, CONSTRAINT "SAP_IMPLEM_STATUS_MASTER_UK1" UNIQUE ("STATUS_ID") ENABLE, CONSTRAINT "SAP_IMPLEM_STATUS_MASTER_UK2" UNIQUE ("STATUS") ENABLE);
CREATE TABLE  "SAP_IMPLEM_STATUS_SUB"("STATUS_ID" NUMBER NOT NULL ENABLE,"STATUS" NUMBER NOT NULL ENABLE,CONSTRAINT "SAP_IMPLEM_STATUS_SUB_FK" FOREIGN KEY ("STATUS_ID") REFERENCES  "SAP_IMPLEM_STATUS_MASTER" ("STATUS_ID") ON DELETE CASCADE ENABLE,CONSTRAINT "SAP_IMPLEM_STATUS_SUB_FK2" FOREIGN KEY ("STATUS") REFERENCES  "SAP_IMPLEM_STATUS_MASTER" ("STATUS_ID") ON DELETE CASCADE ENABLE);

INSERT INTO SAP_IMPLEM_STATUS_MASTER (STATUS_ID,STATUS) VALUES (1,'Unconfirmed');
INSERT INTO SAP_IMPLEM_STATUS_MASTER (STATUS_ID,STATUS) VALUES (2,'Rejected');
INSERT INTO SAP_IMPLEM_STATUS_MASTER (STATUS_ID,STATUS) VALUES (3,'Duplicate');
INSERT INTO SAP_IMPLEM_STATUS_MASTER (STATUS_ID,STATUS) VALUES (4,'Investigation');
INSERT INTO SAP_IMPLEM_STATUS_MASTER (STATUS_ID,STATUS) VALUES (5,'Confirmed');
INSERT INTO SAP_IMPLEM_STATUS_MASTER (STATUS_ID,STATUS) VALUES (6,'Detail Design');
INSERT INTO SAP_IMPLEM_STATUS_MASTER (STATUS_ID,STATUS) VALUES (7,'Customizing Request');
INSERT INTO SAP_IMPLEM_STATUS_MASTER (STATUS_ID,STATUS) VALUES (8,'Workbench Request');
INSERT INTO SAP_IMPLEM_STATUS_MASTER (STATUS_ID,STATUS) VALUES (9,'Solution Review');
INSERT INTO SAP_IMPLEM_STATUS_MASTER (STATUS_ID,STATUS) VALUES (10,'Transport to TS');
INSERT INTO SAP_IMPLEM_STATUS_MASTER (STATUS_ID,STATUS) VALUES (11,'QA');
INSERT INTO SAP_IMPLEM_STATUS_MASTER (STATUS_ID,STATUS) VALUES (12,'Transport to PS');
INSERT INTO SAP_IMPLEM_STATUS_MASTER (STATUS_ID,STATUS) VALUES (13,'Verified');
INSERT INTO SAP_IMPLEM_STATUS_MASTER (STATUS_ID,STATUS) VALUES (14,'Closed');

INSERT INTO SAP_IMPLEM_STATUS_SUB (STATUS_ID,STATUS) VALUES (1,2);
INSERT INTO SAP_IMPLEM_STATUS_SUB (STATUS_ID,STATUS) VALUES (1,3);
INSERT INTO SAP_IMPLEM_STATUS_SUB (STATUS_ID,STATUS) VALUES (1,4);
INSERT INTO SAP_IMPLEM_STATUS_SUB (STATUS_ID,STATUS) VALUES (1,5);

INSERT INTO SAP_IMPLEM_STATUS_SUB (STATUS_ID,STATUS) VALUES (2,4);
INSERT INTO SAP_IMPLEM_STATUS_SUB (STATUS_ID,STATUS) VALUES (2,14);

INSERT INTO SAP_IMPLEM_STATUS_SUB (STATUS_ID,STATUS) VALUES (3,4);
INSERT INTO SAP_IMPLEM_STATUS_SUB (STATUS_ID,STATUS) VALUES (3,14);

INSERT INTO SAP_IMPLEM_STATUS_SUB (STATUS_ID,STATUS) VALUES (4,2);
INSERT INTO SAP_IMPLEM_STATUS_SUB (STATUS_ID,STATUS) VALUES (4,3);
INSERT INTO SAP_IMPLEM_STATUS_SUB (STATUS_ID,STATUS) VALUES (4,5);

INSERT INTO SAP_IMPLEM_STATUS_SUB (STATUS_ID,STATUS) VALUES (5,6);

INSERT INTO SAP_IMPLEM_STATUS_SUB (STATUS_ID,STATUS) VALUES (6,7);
INSERT INTO SAP_IMPLEM_STATUS_SUB (STATUS_ID,STATUS) VALUES (6,8);

INSERT INTO SAP_IMPLEM_STATUS_SUB (STATUS_ID,STATUS) VALUES (7,8);
INSERT INTO SAP_IMPLEM_STATUS_SUB (STATUS_ID,STATUS) VALUES (7,9);

INSERT INTO SAP_IMPLEM_STATUS_SUB (STATUS_ID,STATUS) VALUES (8,9);

INSERT INTO SAP_IMPLEM_STATUS_SUB (STATUS_ID,STATUS) VALUES (9,7);
INSERT INTO SAP_IMPLEM_STATUS_SUB (STATUS_ID,STATUS) VALUES (9,8);
INSERT INTO SAP_IMPLEM_STATUS_SUB (STATUS_ID,STATUS) VALUES (9,10);

INSERT INTO SAP_IMPLEM_STATUS_SUB (STATUS_ID,STATUS) VALUES (10,11);

INSERT INTO SAP_IMPLEM_STATUS_SUB (STATUS_ID,STATUS) VALUES (11,7);
INSERT INTO SAP_IMPLEM_STATUS_SUB (STATUS_ID,STATUS) VALUES (11,8);
INSERT INTO SAP_IMPLEM_STATUS_SUB (STATUS_ID,STATUS) VALUES (11,12);
INSERT INTO SAP_IMPLEM_STATUS_SUB (STATUS_ID,STATUS) VALUES (11,13);

INSERT INTO SAP_IMPLEM_STATUS_SUB (STATUS_ID,STATUS) VALUES (12,13);

INSERT INTO SAP_IMPLEM_STATUS_SUB (STATUS_ID,STATUS) VALUES (13,14);
INSERT INTO SAP_IMPLEM_STATUS_SUB (STATUS_ID,STATUS) VALUES (13,4);

INSERT INTO SAP_IMPLEM_STATUS_SUB (STATUS_ID,STATUS) VALUES (14,4);




CREATE TABLE  "SAP_UPGRADE_STATUS_MASTER" (	"STATUS_ID" NUMBER NOT NULL ENABLE, "STATUS" VARCHAR2(50) NOT NULL ENABLE, CONSTRAINT "SAP_UPGRADE_STATUS_MASTER_UK1" UNIQUE ("STATUS_ID") ENABLE, CONSTRAINT "SAP_UPGRADE_STATUS_MASTER_UK2" UNIQUE ("STATUS") ENABLE);
CREATE TABLE  "SAP_UPGRADE_STATUS_SUB"("STATUS_ID" NUMBER NOT NULL ENABLE,"STATUS" NUMBER NOT NULL ENABLE,CONSTRAINT "SAP_UPGRADE_STATUS_SUB_FK" FOREIGN KEY ("STATUS_ID") REFERENCES  "SAP_UPGRADE_STATUS_MASTER" ("STATUS_ID") ON DELETE CASCADE ENABLE,CONSTRAINT "SAP_UPGRADE_STATUS_SUB_FK2" FOREIGN KEY ("STATUS") REFERENCES  "SAP_UPGRADE_STATUS_MASTER" ("STATUS_ID") ON DELETE CASCADE ENABLE);

INSERT INTO SAP_UPGRADE_STATUS_MASTER (STATUS_ID,STATUS) VALUES (1,'Unconfirmed');
INSERT INTO SAP_UPGRADE_STATUS_MASTER (STATUS_ID,STATUS) VALUES (2,'Rejected');
INSERT INTO SAP_UPGRADE_STATUS_MASTER (STATUS_ID,STATUS) VALUES (3,'Duplicate');
INSERT INTO SAP_UPGRADE_STATUS_MASTER (STATUS_ID,STATUS) VALUES (4,'Investigation');
INSERT INTO SAP_UPGRADE_STATUS_MASTER (STATUS_ID,STATUS) VALUES (5,'Confirmed');
INSERT INTO SAP_UPGRADE_STATUS_MASTER (STATUS_ID,STATUS) VALUES (6,'Detail Design');
INSERT INTO SAP_UPGRADE_STATUS_MASTER (STATUS_ID,STATUS) VALUES (7,'Customizing Request');
INSERT INTO SAP_UPGRADE_STATUS_MASTER (STATUS_ID,STATUS) VALUES (8,'Workbench Request');
INSERT INTO SAP_UPGRADE_STATUS_MASTER (STATUS_ID,STATUS) VALUES (9,'Solution Review');
INSERT INTO SAP_UPGRADE_STATUS_MASTER (STATUS_ID,STATUS) VALUES (10,'Transport to TS');
INSERT INTO SAP_UPGRADE_STATUS_MASTER (STATUS_ID,STATUS) VALUES (11,'QA');
INSERT INTO SAP_UPGRADE_STATUS_MASTER (STATUS_ID,STATUS) VALUES (12,'Transport to PS');
INSERT INTO SAP_UPGRADE_STATUS_MASTER (STATUS_ID,STATUS) VALUES (13,'Verified');
INSERT INTO SAP_UPGRADE_STATUS_MASTER (STATUS_ID,STATUS) VALUES (14,'Closed');

INSERT INTO SAP_UPGRADE_STATUS_SUB (STATUS_ID,STATUS) VALUES (1,2);
INSERT INTO SAP_UPGRADE_STATUS_SUB (STATUS_ID,STATUS) VALUES (1,3);
INSERT INTO SAP_UPGRADE_STATUS_SUB (STATUS_ID,STATUS) VALUES (1,4);
INSERT INTO SAP_UPGRADE_STATUS_SUB (STATUS_ID,STATUS) VALUES (1,5);

INSERT INTO SAP_UPGRADE_STATUS_SUB (STATUS_ID,STATUS) VALUES (2,4);
INSERT INTO SAP_UPGRADE_STATUS_SUB (STATUS_ID,STATUS) VALUES (2,14);

INSERT INTO SAP_UPGRADE_STATUS_SUB (STATUS_ID,STATUS) VALUES (3,4);
INSERT INTO SAP_UPGRADE_STATUS_SUB (STATUS_ID,STATUS) VALUES (3,14);

INSERT INTO SAP_UPGRADE_STATUS_SUB (STATUS_ID,STATUS) VALUES (4,2);
INSERT INTO SAP_UPGRADE_STATUS_SUB (STATUS_ID,STATUS) VALUES (4,3);
INSERT INTO SAP_UPGRADE_STATUS_SUB (STATUS_ID,STATUS) VALUES (4,5);

INSERT INTO SAP_UPGRADE_STATUS_SUB (STATUS_ID,STATUS) VALUES (5,6);

INSERT INTO SAP_UPGRADE_STATUS_SUB (STATUS_ID,STATUS) VALUES (6,7);
INSERT INTO SAP_UPGRADE_STATUS_SUB (STATUS_ID,STATUS) VALUES (6,8);

INSERT INTO SAP_UPGRADE_STATUS_SUB (STATUS_ID,STATUS) VALUES (7,8);
INSERT INTO SAP_UPGRADE_STATUS_SUB (STATUS_ID,STATUS) VALUES (7,9);

INSERT INTO SAP_UPGRADE_STATUS_SUB (STATUS_ID,STATUS) VALUES (8,9);

INSERT INTO SAP_UPGRADE_STATUS_SUB (STATUS_ID,STATUS) VALUES (9,7);
INSERT INTO SAP_UPGRADE_STATUS_SUB (STATUS_ID,STATUS) VALUES (9,8);
INSERT INTO SAP_UPGRADE_STATUS_SUB (STATUS_ID,STATUS) VALUES (9,10);

INSERT INTO SAP_UPGRADE_STATUS_SUB (STATUS_ID,STATUS) VALUES (10,11);

INSERT INTO SAP_UPGRADE_STATUS_SUB (STATUS_ID,STATUS) VALUES (11,7);
INSERT INTO SAP_UPGRADE_STATUS_SUB (STATUS_ID,STATUS) VALUES (11,8);
INSERT INTO SAP_UPGRADE_STATUS_SUB (STATUS_ID,STATUS) VALUES (11,12);
INSERT INTO SAP_UPGRADE_STATUS_SUB (STATUS_ID,STATUS) VALUES (11,13);

INSERT INTO SAP_UPGRADE_STATUS_SUB (STATUS_ID,STATUS) VALUES (12,13);

INSERT INTO SAP_UPGRADE_STATUS_SUB (STATUS_ID,STATUS) VALUES (13,14);
INSERT INTO SAP_UPGRADE_STATUS_SUB (STATUS_ID,STATUS) VALUES (13,4);

INSERT INTO SAP_UPGRADE_STATUS_SUB (STATUS_ID,STATUS) VALUES (14,4);





CREATE TABLE  "SAP_SUPPORT_STATUS_MASTER" (	"STATUS_ID" NUMBER NOT NULL ENABLE, "STATUS" VARCHAR2(50) NOT NULL ENABLE, CONSTRAINT "SAP_SUPPORT_STATUS_MASTER_UK1" UNIQUE ("STATUS_ID") ENABLE, CONSTRAINT "SAP_SUPPORT_STATUS_MASTER_UK2" UNIQUE ("STATUS") ENABLE);
CREATE TABLE  "SAP_SUPPORT_STATUS_SUB"("STATUS_ID" NUMBER NOT NULL ENABLE,"STATUS" NUMBER NOT NULL ENABLE,CONSTRAINT "SAP_SUPPORT_STATUS_SUB_FK" FOREIGN KEY ("STATUS_ID") REFERENCES  "SAP_SUPPORT_STATUS_MASTER" ("STATUS_ID") ON DELETE CASCADE ENABLE,CONSTRAINT "SAP_SUPPORT_STATUS_SUB_FK2" FOREIGN KEY ("STATUS") REFERENCES  "SAP_SUPPORT_STATUS_MASTER" ("STATUS_ID") ON DELETE CASCADE ENABLE);

INSERT INTO SAP_SUPPORT_STATUS_MASTER (STATUS_ID,STATUS) VALUES (1,'Unconfirmed');
INSERT INTO SAP_SUPPORT_STATUS_MASTER (STATUS_ID,STATUS) VALUES (2,'Rejected');
INSERT INTO SAP_SUPPORT_STATUS_MASTER (STATUS_ID,STATUS) VALUES (3,'Duplicate');
INSERT INTO SAP_SUPPORT_STATUS_MASTER (STATUS_ID,STATUS) VALUES (4,'Investigation');
INSERT INTO SAP_SUPPORT_STATUS_MASTER (STATUS_ID,STATUS) VALUES (5,'Confirmed');
INSERT INTO SAP_SUPPORT_STATUS_MASTER (STATUS_ID,STATUS) VALUES (6,'Replicating in DS');
INSERT INTO SAP_SUPPORT_STATUS_MASTER (STATUS_ID,STATUS) VALUES (7,'Customizing Request');
INSERT INTO SAP_SUPPORT_STATUS_MASTER (STATUS_ID,STATUS) VALUES (8,'Workbench Request');
INSERT INTO SAP_SUPPORT_STATUS_MASTER (STATUS_ID,STATUS) VALUES (9,'Solution Review');
INSERT INTO SAP_SUPPORT_STATUS_MASTER (STATUS_ID,STATUS) VALUES (10,'Transport to TS');
INSERT INTO SAP_SUPPORT_STATUS_MASTER (STATUS_ID,STATUS) VALUES (11,'QA');
INSERT INTO SAP_SUPPORT_STATUS_MASTER (STATUS_ID,STATUS) VALUES (12,'Transport to PS');
INSERT INTO SAP_SUPPORT_STATUS_MASTER (STATUS_ID,STATUS) VALUES (13,'Verified');
INSERT INTO SAP_SUPPORT_STATUS_MASTER (STATUS_ID,STATUS) VALUES (14,'Closed');

INSERT INTO SAP_SUPPORT_STATUS_SUB (STATUS_ID,STATUS) VALUES (1,2);
INSERT INTO SAP_SUPPORT_STATUS_SUB (STATUS_ID,STATUS) VALUES (1,3);
INSERT INTO SAP_SUPPORT_STATUS_SUB (STATUS_ID,STATUS) VALUES (1,4);
INSERT INTO SAP_SUPPORT_STATUS_SUB (STATUS_ID,STATUS) VALUES (1,5);

INSERT INTO SAP_SUPPORT_STATUS_SUB (STATUS_ID,STATUS) VALUES (2,4);
INSERT INTO SAP_SUPPORT_STATUS_SUB (STATUS_ID,STATUS) VALUES (2,14);

INSERT INTO SAP_SUPPORT_STATUS_SUB (STATUS_ID,STATUS) VALUES (3,4);
INSERT INTO SAP_SUPPORT_STATUS_SUB (STATUS_ID,STATUS) VALUES (3,14);

INSERT INTO SAP_SUPPORT_STATUS_SUB (STATUS_ID,STATUS) VALUES (4,2);
INSERT INTO SAP_SUPPORT_STATUS_SUB (STATUS_ID,STATUS) VALUES (4,3);
INSERT INTO SAP_SUPPORT_STATUS_SUB (STATUS_ID,STATUS) VALUES (4,5);

INSERT INTO SAP_SUPPORT_STATUS_SUB (STATUS_ID,STATUS) VALUES (5,6);

INSERT INTO SAP_SUPPORT_STATUS_SUB (STATUS_ID,STATUS) VALUES (6,7);
INSERT INTO SAP_SUPPORT_STATUS_SUB (STATUS_ID,STATUS) VALUES (6,8);

INSERT INTO SAP_SUPPORT_STATUS_SUB (STATUS_ID,STATUS) VALUES (7,8);
INSERT INTO SAP_SUPPORT_STATUS_SUB (STATUS_ID,STATUS) VALUES (7,9);

INSERT INTO SAP_SUPPORT_STATUS_SUB (STATUS_ID,STATUS) VALUES (8,9);

INSERT INTO SAP_SUPPORT_STATUS_SUB (STATUS_ID,STATUS) VALUES (9,7);
INSERT INTO SAP_SUPPORT_STATUS_SUB (STATUS_ID,STATUS) VALUES (9,8);
INSERT INTO SAP_SUPPORT_STATUS_SUB (STATUS_ID,STATUS) VALUES (9,10);

INSERT INTO SAP_SUPPORT_STATUS_SUB (STATUS_ID,STATUS) VALUES (10,11);

INSERT INTO SAP_SUPPORT_STATUS_SUB (STATUS_ID,STATUS) VALUES (11,7);
INSERT INTO SAP_SUPPORT_STATUS_SUB (STATUS_ID,STATUS) VALUES (11,8);
INSERT INTO SAP_SUPPORT_STATUS_SUB (STATUS_ID,STATUS) VALUES (11,12);
INSERT INTO SAP_SUPPORT_STATUS_SUB (STATUS_ID,STATUS) VALUES (11,13);

INSERT INTO SAP_SUPPORT_STATUS_SUB (STATUS_ID,STATUS) VALUES (12,13);

INSERT INTO SAP_SUPPORT_STATUS_SUB (STATUS_ID,STATUS) VALUES (13,14);
INSERT INTO SAP_SUPPORT_STATUS_SUB (STATUS_ID,STATUS) VALUES (13,4);

INSERT INTO SAP_SUPPORT_STATUS_SUB (STATUS_ID,STATUS) VALUES (14,4);



CREATE TABLE  "SAP_NONSAP_STATUS_LIST" ("STATUS_ID" NUMBER NOT NULL ENABLE, "STATUS" VARCHAR2(50) NOT NULL ENABLE, CONSTRAINT "SAP_NONSAP_STATUS_LIST_UK1" UNIQUE ("STATUS_ID") ENABLE, CONSTRAINT "SAP_NONSAP_STATUS_LIST_UK2" UNIQUE ("STATUS") ENABLE);

INSERT INTO SAP_NONSAP_STATUS_LIST (STATUS_ID,STATUS) VALUES (1,'Unconfirmed');
INSERT INTO SAP_NONSAP_STATUS_LIST (STATUS_ID,STATUS) VALUES (2,'Rejected');
INSERT INTO SAP_NONSAP_STATUS_LIST (STATUS_ID,STATUS) VALUES (3,'Duplicate');
INSERT INTO SAP_NONSAP_STATUS_LIST (STATUS_ID,STATUS) VALUES (4,'Investigation');
INSERT INTO SAP_NONSAP_STATUS_LIST (STATUS_ID,STATUS) VALUES (5,'Confirmed');
INSERT INTO SAP_NONSAP_STATUS_LIST (STATUS_ID,STATUS) VALUES (6,'Development');
INSERT INTO SAP_NONSAP_STATUS_LIST (STATUS_ID,STATUS) VALUES (7,'Detail Design');
INSERT INTO SAP_NONSAP_STATUS_LIST (STATUS_ID,STATUS) VALUES (8,'Replicating in DS');
INSERT INTO SAP_NONSAP_STATUS_LIST (STATUS_ID,STATUS) VALUES (9,'Workinprogress');
INSERT INTO SAP_NONSAP_STATUS_LIST (STATUS_ID,STATUS) VALUES (10,'Customizing Req');
INSERT INTO SAP_NONSAP_STATUS_LIST (STATUS_ID,STATUS) VALUES (11,'Workbench Request');
INSERT INTO SAP_NONSAP_STATUS_LIST (STATUS_ID,STATUS) VALUES (12,'Code Review');
INSERT INTO SAP_NONSAP_STATUS_LIST (STATUS_ID,STATUS) VALUES (13,'Solution Review');
INSERT INTO SAP_NONSAP_STATUS_LIST (STATUS_ID,STATUS) VALUES (14,'ReadytoBuild');
INSERT INTO SAP_NONSAP_STATUS_LIST (STATUS_ID,STATUS) VALUES (15,'Transport to TS');
INSERT INTO SAP_NONSAP_STATUS_LIST (STATUS_ID,STATUS) VALUES (16,'QA');
INSERT INTO SAP_NONSAP_STATUS_LIST (STATUS_ID,STATUS) VALUES (17,'Performance QA');
INSERT INTO SAP_NONSAP_STATUS_LIST (STATUS_ID,STATUS) VALUES (18,'Transport to PS');
INSERT INTO SAP_NONSAP_STATUS_LIST (STATUS_ID,STATUS) VALUES (19,'Verified');
INSERT INTO SAP_NONSAP_STATUS_LIST (STATUS_ID,STATUS) VALUES (20,'Closed');


delete from bugvalue;
delete from enhancementvalue;
delete from newtaskvalue;

drop table bugvalue;
drop table enhancementvalue;
drop table newtaskvalue;




create table VALUE_NONSAP_BUG(status_id number,p1s1 number,p1s2 number,p1s3 number,p1s4 number,p2s1 number,p2s2 number,p2s3 number,p2s4 number,p3s1 number,p3s2 number,p3s3 number,p3s4 number,p4s1 number,p4s2 number,p4s3 number,p4s4 number,FOREIGN KEY(STATUS_ID) REFERENCES STATUS_MASTER(STATUS_ID));
create table VALUE_NONSAP_ENHANCEMENT(status_id number,p1s1 number,p1s2 number,p1s3 number,p1s4 number,p2s1 number,p2s2 number,p2s3 number,p2s4 number,p3s1 number,p3s2 number,p3s3 number,p3s4 number,p4s1 number,p4s2 number,p4s3 number,p4s4 number,FOREIGN KEY(STATUS_ID) REFERENCES STATUS_MASTER(STATUS_ID));
create table VALUE_NONSAP_NEWTASK(status_id number,p1s1 number,p1s2 number,p1s3 number,p1s4 number,p2s1 number,p2s2 number,p2s3 number,p2s4 number,p3s1 number,p3s2 number,p3s3 number,p3s4 number,p4s1 number,p4s2 number,p4s3 number,p4s4 number,FOREIGN KEY(STATUS_ID) REFERENCES STATUS_MASTER(STATUS_ID));




update issuecomments set status = 'Detail Design' where status = 'Development' and issueid in (select issueid from issue i, project_type pt where i.pid = pt.pid and pt.type != 'Support');
update issuestatus set status = 'Detail Design' where status = 'Development' and issueid in (select issueid from issue i, project_type pt where i.pid = pt.pid and pt.type != 'Support');

update issuecomments set status = 'Replicating in DS' where status = 'Development' and issueid in (select issueid from issue i, project_type pt where i.pid = pt.pid and pt.type = 'Support');
update issuestatus set status = 'Replicating in DS' where status = 'Development' and issueid in (select issueid from issue i, project_type pt where i.pid = pt.pid and pt.type = 'Support');

update issuecomments set status = 'Customizing Request' where status = 'Workinprogress' and issueid in (select issueid from issue i, project_type pt, modules m where i.pid = pt.pid and module_id = moduleid and module != 'ABAP');
update issuestatus set status = 'Customizing Request' where status = 'Workinprogress' and issueid in (select issueid from issue i, project_type pt, modules m where i.pid = pt.pid and module_id = moduleid and module != 'ABAP');

update issuecomments set status = 'Workbench Request' where status = 'Workinprogress' and issueid in (select issueid from issue i, project_type pt, modules m where i.pid = pt.pid and module_id = moduleid and module = 'ABAP');
update issuestatus set status = 'Workbench Request' where status = 'Workinprogress' and issueid in (select issueid from issue i, project_type pt, modules m where i.pid = pt.pid and module_id = moduleid and module = 'ABAP');

update issuecomments set status = 'Solution Review' where status = 'Code Review' and issueid in (select issueid from issue i, project_type pt where i.pid = pt.pid );
update issuestatus set status = 'Solution Review' where status = 'Code Review' and issueid in (select issueid from issue i, project_type pt where i.pid = pt.pid );

update issuecomments set status = 'Transport to TS' where status = 'ReadytoBuild' and issueid in (select issueid from issue i, project_type pt where i.pid = pt.pid );
update issuestatus set status = 'Transport to TS' where status = 'ReadytoBuild' and issueid in (select issueid from issue i, project_type pt where i.pid = pt.pid );

update issuecomments set status = 'QA' where status = 'Performance Testing' and issueid in (select issueid from issue i, project_type pt where i.pid = pt.pid );
update issuestatus set status = 'QA' where status = 'Performance Testing' and issueid in (select issueid from issue i, project_type pt where i.pid = pt.pid );

